product_item_id,product_sku_id,sku,vehicle_make_id,title,make_name,vehicle_model_id,model_name,vehicle_engine_id,engine,hp,engine_code
1001,1,CF1AEF5F6D25,1,Turbina Audi A1 1.2 TFSI CBZA 86 CP - Turbina reconditionata 03f145701k,Audi,1,A1,1,1.2 TFSI,,UNKNOWN
1002,2,04L253010B,1,Turbina AUDI A3 2.0 TDI 110 CP - Recondiţionată,Audi,2,A3,7,2.0 TDI,110,CRBC
1002,2,04L253010B,1,Turbina AUDI A3 2.0 TDI 110 CP - Recondiţionată,Audi,2,A3,6,2.0 TDI,110,CRLB
1002,2,04L253010B,1,Turbina AUDI A3 2.0 TDI 110 CP - Recondiţionată,Audi,2,A3,3,2.0 TDI,110,CRUA
1002,2,04L253010B,1,Turbina AUDI A3 2.0 TDI 110 CP - Recondiţionată,Audi,2,A3,4,2.0 TDI,110,DBGA
1002,2,04L253010B,1,Turbina AUDI A3 2.0 TDI 110 CP - Recondiţionată,Audi,2,A3,2,2.0 TDI,110,DCYA
1002,2,04L253010B,1,Turbina AUDI A3 2.0 TDI 110 CP - Recondiţionată,Audi,2,A3,5,2.0 TDI,110,DEJA
1003,2,04L253010B,1,Turbina AUDI A3 2.0 TDI 100 CP - Recondiţionată,Audi,2,A3,8,2.0 TDI,100,CRBD
1003,2,04L253010B,1,Turbina AUDI A3 2.0 TDI 100 CP - Recondiţionată,Audi,2,A3,9,2.0 TDI,100,CRLC
1004,2,04L253010B,1,Turbina AUDI A3 2.0 TDI quattro 110 CP - Recondiţionată,Audi,2,A3,12,2.0 TDI quattro,110,CRBC
1004,2,04L253010B,1,Turbina AUDI A3 2.0 TDI quattro 110 CP - Recondiţionată,Audi,2,A3,11,2.0 TDI quattro,110,CRLB
1004,2,04L253010B,1,Turbina AUDI A3 2.0 TDI quattro 110 CP - Recondiţionată,Audi,2,A3,10,2.0 TDI quattro,110,DCYA
1005,2,04L253010B,1,Turbina AUDI ASeria 3 Cabrio 2.0 TDI 110 CP - Recondiţionată,Audi,3,ASeria 3 Cabrio,14,2.0 TDI,110,CRLB
1005,2,04L253010B,1,Turbina AUDI ASeria 3 Cabrio 2.0 TDI 110 CP - Recondiţionată,Audi,3,ASeria 3 Cabrio,13,2.0 TDI,110,DCYA
1006,2,04L253010B,1,Turbina AUDI ASeria 3 Cabrio 2.0 TDI 100 CP - Recondiţionată,Audi,3,ASeria 3 Cabrio,15,2.0 TDI,100,CRLC
1007,2,04L253010B,1,Turbina AUDI ASeria 3 Cabrio 2.0 TDI quattro 110 CP - Recondiţionată,Audi,3,ASeria 3 Cabrio,17,2.0 TDI quattro,110,CRLB
1007,2,04L253010B,1,Turbina AUDI ASeria 3 Cabrio 2.0 TDI quattro 110 CP - Recondiţionată,Audi,3,ASeria 3 Cabrio,16,2.0 TDI quattro,110,DCYA
1008,2,04L253010B,1,Turbina AUDI A3 Limousine 2.0 TDI quattro 110 CP - Recondiţionată,Audi,4,A3 Limousine,19,2.0 TDI quattro,110,CRBC
1008,2,04L253010B,1,Turbina AUDI A3 Limousine 2.0 TDI quattro 110 CP - Recondiţionată,Audi,4,A3 Limousine,20,2.0 TDI quattro,110,CRLB
1008,2,04L253010B,1,Turbina AUDI A3 Limousine 2.0 TDI quattro 110 CP - Recondiţionată,Audi,4,A3 Limousine,18,2.0 TDI quattro,110,DCYA
1009,2,04L253010B,1,Turbina AUDI A3 Limousine 35 TDI 110 CP - Recondiţionată,Audi,4,A3 Limousine,21,35 TDI,110,DFGA
1010,2,04L253010B,1,Turbina AUDI A3 Limousine 2.0 TDI 100 CP - Recondiţionată,Audi,4,A3 Limousine,22,2.0 TDI,100,CRBD
1010,2,04L253010B,1,Turbina AUDI A3 Limousine 2.0 TDI 100 CP - Recondiţionată,Audi,4,A3 Limousine,23,2.0 TDI,100,CRLC
1011,2,04L253010B,1,Turbina AUDI A3 Limousine 2.0 TDI 110 CP - Recondiţionată,Audi,4,A3 Limousine,30,2.0 TDI,110,CRBC
1011,2,04L253010B,1,Turbina AUDI A3 Limousine 2.0 TDI 110 CP - Recondiţionată,Audi,4,A3 Limousine,29,2.0 TDI,110,CRLB
1011,2,04L253010B,1,Turbina AUDI A3 Limousine 2.0 TDI 110 CP - Recondiţionată,Audi,4,A3 Limousine,26,2.0 TDI,110,CRUA
1011,2,04L253010B,1,Turbina AUDI A3 Limousine 2.0 TDI 110 CP - Recondiţionată,Audi,4,A3 Limousine,27,2.0 TDI,110,DBGA
1011,2,04L253010B,1,Turbina AUDI A3 Limousine 2.0 TDI 110 CP - Recondiţionată,Audi,4,A3 Limousine,25,2.0 TDI,110,DCYA
1011,2,04L253010B,1,Turbina AUDI A3 Limousine 2.0 TDI 110 CP - Recondiţionată,Audi,4,A3 Limousine,28,2.0 TDI,110,DEJA
1011,2,04L253010B,1,Turbina AUDI A3 Limousine 2.0 TDI 110 CP - Recondiţionată,Audi,4,A3 Limousine,24,2.0 TDI,110,DFGA
1012,2,04L253010B,1,Turbina AUDI A3 Sportback 2.0 TDI quattro 110 CP - Recondiţionată,Audi,5,A3 Sportback,32,2.0 TDI quattro,110,CRBC
1012,2,04L253010B,1,Turbina AUDI A3 Sportback 2.0 TDI quattro 110 CP - Recondiţionată,Audi,5,A3 Sportback,33,2.0 TDI quattro,110,CRLB
1012,2,04L253010B,1,Turbina AUDI A3 Sportback 2.0 TDI quattro 110 CP - Recondiţionată,Audi,5,A3 Sportback,31,2.0 TDI quattro,110,DCYA
1013,2,04L253010B,1,Turbina AUDI A3 Sportback 2.0 TDI 110 CP - Recondiţionată,Audi,5,A3 Sportback,40,2.0 TDI,110,CRBC
1013,2,04L253010B,1,Turbina AUDI A3 Sportback 2.0 TDI 110 CP - Recondiţionată,Audi,5,A3 Sportback,39,2.0 TDI,110,CRLB
1013,2,04L253010B,1,Turbina AUDI A3 Sportback 2.0 TDI 110 CP - Recondiţionată,Audi,5,A3 Sportback,36,2.0 TDI,110,CRUA
1013,2,04L253010B,1,Turbina AUDI A3 Sportback 2.0 TDI 110 CP - Recondiţionată,Audi,5,A3 Sportback,37,2.0 TDI,110,DBGA
1013,2,04L253010B,1,Turbina AUDI A3 Sportback 2.0 TDI 110 CP - Recondiţionată,Audi,5,A3 Sportback,35,2.0 TDI,110,DCYA
1013,2,04L253010B,1,Turbina AUDI A3 Sportback 2.0 TDI 110 CP - Recondiţionată,Audi,5,A3 Sportback,38,2.0 TDI,110,DEJA
1013,2,04L253010B,1,Turbina AUDI A3 Sportback 2.0 TDI 110 CP - Recondiţionată,Audi,5,A3 Sportback,34,2.0 TDI,110,DFGA
1014,2,04L253010B,1,Turbina AUDI A3 Sportback 35 TDI 110 CP - Recondiţionată,Audi,5,A3 Sportback,41,35 TDI,110,DFGA
1015,2,04L253010B,1,Turbina AUDI A3 Sportback 2.0 TDI 100 CP - Recondiţionată,Audi,5,A3 Sportback,42,2.0 TDI,100,CRBD
1015,2,04L253010B,1,Turbina AUDI A3 Sportback 2.0 TDI 100 CP - Recondiţionată,Audi,5,A3 Sportback,43,2.0 TDI,100,CRLC
1016,2,04L253010B,1,Turbina AUDI Q2 2.0 TDI quattro 110 CP - Recondiţionată,Audi,6,Q2,44,2.0 TDI quattro,110,DFGA
1016,2,04L253010B,1,Turbina AUDI Q2 2.0 TDI quattro 110 CP - Recondiţionată,Audi,6,Q2,45,2.0 TDI quattro,110,DTTC
1017,2,04L253010B,1,Turbina AUDI Q2 2.0 TDI 110 CP - Recondiţionată,Audi,6,Q2,46,2.0 TDI,110,DFGA
1017,2,04L253010B,1,Turbina AUDI Q2 2.0 TDI 110 CP - Recondiţionată,Audi,6,Q2,47,2.0 TDI,110,DTTC
1018,2,04L253010B,1,Turbina AUDI Q2 35 TDI 110 CP - Recondiţionată,Audi,6,Q2,48,35 TDI,110,DFGA
1018,2,04L253010B,1,Turbina AUDI Q2 35 TDI 110 CP - Recondiţionată,Audi,6,Q2,49,35 TDI,110,DTTC
1018,2,04L253010B,1,Turbina AUDI Q2 35 TDI 110 CP - Recondiţionată,Audi,6,Q2,50,35 TDI,110,DXRB
1019,2,04L253010B,1,Turbina AUDI Q2 35 TDI quattro 110 CP - Recondiţionată,Audi,6,Q2,51,35 TDI quattro,110,DFGA
1019,2,04L253010B,1,Turbina AUDI Q2 35 TDI quattro 110 CP - Recondiţionată,Audi,6,Q2,52,35 TDI quattro,110,DTTC
1019,2,04L253010B,1,Turbina AUDI Q2 35 TDI quattro 110 CP - Recondiţionată,Audi,6,Q2,53,35 TDI quattro,110,DXRB
1020,2,04L253010B,1,Turbina AUDI Q3 2.0 TDI 100 CP - Recondiţionată,Audi,7,Q3,56,2.0 TDI,100,CFFA
1020,2,04L253010B,1,Turbina AUDI Q3 2.0 TDI 100 CP - Recondiţionată,Audi,7,Q3,55,2.0 TDI,100,CUVB
1020,2,04L253010B,1,Turbina AUDI Q3 2.0 TDI 100 CP - Recondiţionată,Audi,7,Q3,54,2.0 TDI,100,DFTB
1021,2,04L253010B,1,Turbina AUDI Q3 2.0 TDI 110 CP - Recondiţionată,Audi,7,Q3,57,2.0 TDI,110,CUVC
1021,2,04L253010B,1,Turbina AUDI Q3 2.0 TDI 110 CP - Recondiţionată,Audi,7,Q3,58,2.0 TDI,110,DBBA
1021,2,04L253010B,1,Turbina AUDI Q3 2.0 TDI 110 CP - Recondiţionată,Audi,7,Q3,59,2.0 TDI,110,DFTA
1022,2,04L253010B,1,Turbina AUDI Q3 2.0 TDI quattro 110 CP - Recondiţionată,Audi,7,Q3,60,2.0 TDI quattro,110,CUVC
1022,2,04L253010B,1,Turbina AUDI Q3 2.0 TDI quattro 110 CP - Recondiţionată,Audi,7,Q3,61,2.0 TDI quattro,110,DFTA
1023,2,04L253010B,1,Turbina AUDI Q3 2.0 TDI 88 CP - Recondiţionată,Audi,7,Q3,63,2.0 TDI,88,CUVD
1023,2,04L253010B,1,Turbina AUDI Q3 2.0 TDI 88 CP - Recondiţionată,Audi,7,Q3,62,2.0 TDI,88,DFTC
1024,2,04L253010B,1,Turbina AUDI Q3 35 TDI quattro 110 CP - Recondiţionată,Audi,7,Q3,64,35 TDI quattro,110,DFGA
1024,2,04L253010B,1,Turbina AUDI Q3 35 TDI quattro 110 CP - Recondiţionată,Audi,7,Q3,66,35 TDI quattro,110,DTSA
1024,2,04L253010B,1,Turbina AUDI Q3 35 TDI quattro 110 CP - Recondiţionată,Audi,7,Q3,65,35 TDI quattro,110,DTSB
1025,2,04L253010B,1,Turbina AUDI Q3 35 TDI 110 CP - Recondiţionată,Audi,7,Q3,67,35 TDI,110,DFGA
1025,2,04L253010B,1,Turbina AUDI Q3 35 TDI 110 CP - Recondiţionată,Audi,7,Q3,69,35 TDI,110,DTSA
1025,2,04L253010B,1,Turbina AUDI Q3 35 TDI 110 CP - Recondiţionată,Audi,7,Q3,68,35 TDI,110,DTSB
1025,2,04L253010B,1,Turbina AUDI Q3 35 TDI 110 CP - Recondiţionată,Audi,7,Q3,70,35 TDI,110,DXPA
1026,2,04L253010B,1,Turbina AUDI Q3 Sportback 35 TDI 110 CP - Recondiţionată,Audi,8,Q3 Sportback,71,35 TDI,110,DFGA
1026,2,04L253010B,1,Turbina AUDI Q3 Sportback 35 TDI 110 CP - Recondiţionată,Audi,8,Q3 Sportback,73,35 TDI,110,DTSA
1026,2,04L253010B,1,Turbina AUDI Q3 Sportback 35 TDI 110 CP - Recondiţionată,Audi,8,Q3 Sportback,72,35 TDI,110,DTSB
1026,2,04L253010B,1,Turbina AUDI Q3 Sportback 35 TDI 110 CP - Recondiţionată,Audi,8,Q3 Sportback,74,35 TDI,110,DXPA
1027,2,04L253010B,1,Turbina AUDI Q3 Sportback 35 TDI quattro 110 CP - Recondiţionată,Audi,8,Q3 Sportback,75,35 TDI quattro,110,DFGA
1027,2,04L253010B,1,Turbina AUDI Q3 Sportback 35 TDI quattro 110 CP - Recondiţionată,Audi,8,Q3 Sportback,77,35 TDI quattro,110,DTSA
1027,2,04L253010B,1,Turbina AUDI Q3 Sportback 35 TDI quattro 110 CP - Recondiţionată,Audi,8,Q3 Sportback,76,35 TDI quattro,110,DTSB
1028,2,04L253010B,2,Turbina SEAT ALHAMBRA 2.0 TDI 4Drive 110 CP - Recondiţionată,SEAT,9,ALHAMBRA,79,2.0 TDI 4Drive,110,CUVC
1028,2,04L253010B,2,Turbina SEAT ALHAMBRA 2.0 TDI 4Drive 110 CP - Recondiţionată,SEAT,9,ALHAMBRA,78,2.0 TDI 4Drive,110,DFLA
1028,2,04L253010B,2,Turbina SEAT ALHAMBRA 2.0 TDI 4Drive 110 CP - Recondiţionată,SEAT,9,ALHAMBRA,80,2.0 TDI 4Drive,110,DLTA
1029,2,04L253010B,2,Turbina SEAT ALHAMBRA 2.0 TDi 4Drive 130 CP - Recondiţionată,SEAT,9,ALHAMBRA,81,2.0 TDi 4Drive,130,DLUB
1030,2,04L253010B,2,Turbina SEAT ALHAMBRA 2.0 TDI 85 CP - Recondiţionată,SEAT,9,ALHAMBRA,82,2.0 TDI,85,CFFE
1030,2,04L253010B,2,Turbina SEAT ALHAMBRA 2.0 TDI 85 CP - Recondiţionată,SEAT,9,ALHAMBRA,83,2.0 TDI,85,CUVA
1030,2,04L253010B,2,Turbina SEAT ALHAMBRA 2.0 TDI 85 CP - Recondiţionată,SEAT,9,ALHAMBRA,85,2.0 TDI,85,DFLD
1030,2,04L253010B,2,Turbina SEAT ALHAMBRA 2.0 TDI 85 CP - Recondiţionată,SEAT,9,ALHAMBRA,84,2.0 TDI,85,DLTC
1031,2,04L253010B,2,Turbina SEAT ALHAMBRA 2.0 TDI 110 CP - Recondiţionată,SEAT,9,ALHAMBRA,88,2.0 TDI,110,CUVC
1031,2,04L253010B,2,Turbina SEAT ALHAMBRA 2.0 TDI 110 CP - Recondiţionată,SEAT,9,ALHAMBRA,87,2.0 TDI,110,DFLA
1031,2,04L253010B,2,Turbina SEAT ALHAMBRA 2.0 TDI 110 CP - Recondiţionată,SEAT,9,ALHAMBRA,86,2.0 TDI,110,DLTA
1032,2,04L253010B,2,Turbina SEAT ALHAMBRA VAN TDI 4Drive 110 CP - Recondiţionată,SEAT,10,ALHAMBRA VAN,89,TDI 4Drive,110,CUVC
1033,2,04L253010B,2,Turbina SEAT ALHAMBRA VAN TDI 110 CP - Recondiţionată,SEAT,10,ALHAMBRA VAN,90,TDI,110,CUVC
1033,2,04L253010B,2,Turbina SEAT ALHAMBRA VAN TDI 110 CP - Recondiţionată,SEAT,10,ALHAMBRA VAN,91,TDI,110,DFLA
1034,2,04L253010B,2,Turbina SEAT ATECA 2.0 TDI 4Drive 110 CP - Recondiţionată,SEAT,11,ATECA,92,2.0 TDI 4Drive,110,DFFA
1034,2,04L253010B,2,Turbina SEAT ATECA 2.0 TDI 4Drive 110 CP - Recondiţionată,SEAT,11,ATECA,93,2.0 TDI 4Drive,110,DTTC
1035,2,04L253010B,2,Turbina SEAT ATECA 2.0 TDI 105 CP - Recondiţionată,SEAT,11,ATECA,94,2.0 TDI,105,CRVC
1036,2,04L253010B,2,Turbina SEAT ATECA 2.0 TDI 110 CP - Recondiţionată,SEAT,11,ATECA,95,2.0 TDI,110,DFFA
1036,2,04L253010B,2,Turbina SEAT ATECA 2.0 TDI 110 CP - Recondiţionată,SEAT,11,ATECA,97,2.0 TDI,110,DTTA
1036,2,04L253010B,2,Turbina SEAT ATECA 2.0 TDI 110 CP - Recondiţionată,SEAT,11,ATECA,96,2.0 TDI,110,DTTC
1036,2,04L253010B,2,Turbina SEAT ATECA 2.0 TDI 110 CP - Recondiţionată,SEAT,11,ATECA,98,2.0 TDI,110,DXRB
1037,2,04L253010B,2,Turbina SEAT ATECA 2.0 TDI 81 CP - Recondiţionată,SEAT,11,ATECA,99,2.0 TDI,81,CRVA
1038,2,04L253010B,2,Turbina SEAT LEON 2.0 TDI 110 CP - Recondiţionată,SEAT,12,LEON,102,2.0 TDI,110,CKFC
1038,2,04L253010B,2,Turbina SEAT LEON 2.0 TDI 110 CP - Recondiţionată,SEAT,12,LEON,101,2.0 TDI,110,CRMB
1038,2,04L253010B,2,Turbina SEAT LEON 2.0 TDI 110 CP - Recondiţionată,SEAT,12,LEON,100,2.0 TDI,110,DFFA
1039,2,04L253010B,2,Turbina SEAT LEON 2.0 TDI 81 CP - Recondiţionată,SEAT,12,LEON,103,2.0 TDI,81,CRLD
1039,2,04L253010B,2,Turbina SEAT LEON 2.0 TDI 81 CP - Recondiţionată,SEAT,12,LEON,104,2.0 TDI,81,CRVA
1040,2,04L253010B,2,Turbina SEAT LEON SC 2.0 TDI 110 CP - Recondiţionată,SEAT,13,LEON SC,106,2.0 TDI,110,CKFC
1040,2,04L253010B,2,Turbina SEAT LEON SC 2.0 TDI 110 CP - Recondiţionată,SEAT,13,LEON SC,105,2.0 TDI,110,CRMB
1041,2,04L253010B,2,Turbina SEAT LEON ST 2.0 TDI 110 CP - Recondiţionată,SEAT,14,LEON ST,111,2.0 TDI,110,CKFC
1041,2,04L253010B,2,Turbina SEAT LEON ST 2.0 TDI 110 CP - Recondiţionată,SEAT,14,LEON ST,112,2.0 TDI,110,CRBC
1041,2,04L253010B,2,Turbina SEAT LEON ST 2.0 TDI 110 CP - Recondiţionată,SEAT,14,LEON ST,110,2.0 TDI,110,CRLB
1041,2,04L253010B,2,Turbina SEAT LEON ST 2.0 TDI 110 CP - Recondiţionată,SEAT,14,LEON ST,109,2.0 TDI,110,CRMB
1041,2,04L253010B,2,Turbina SEAT LEON ST 2.0 TDI 110 CP - Recondiţionată,SEAT,14,LEON ST,107,2.0 TDI,110,DFFA
1041,2,04L253010B,2,Turbina SEAT LEON ST 2.0 TDI 110 CP - Recondiţionată,SEAT,14,LEON ST,108,2.0 TDI,110,DFGA
1042,2,04L253010B,2,Turbina SEAT LEON ST 2.0 TDI 81 CP - Recondiţionată,SEAT,14,LEON ST,114,2.0 TDI,81,CRLD
1042,2,04L253010B,2,Turbina SEAT LEON ST 2.0 TDI 81 CP - Recondiţionată,SEAT,14,LEON ST,113,2.0 TDI,81,CRVA
1043,2,04L253010B,2,Turbina SEAT LEON ST 2.0 TDI 4Drive 110 CP - Recondiţionată,SEAT,14,LEON ST,119,2.0 TDI 4Drive,110,CRBC
1043,2,04L253010B,2,Turbina SEAT LEON ST 2.0 TDI 4Drive 110 CP - Recondiţionată,SEAT,14,LEON ST,118,2.0 TDI 4Drive,110,CRLB
1043,2,04L253010B,2,Turbina SEAT LEON ST 2.0 TDI 4Drive 110 CP - Recondiţionată,SEAT,14,LEON ST,117,2.0 TDI 4Drive,110,CRMB
1043,2,04L253010B,2,Turbina SEAT LEON ST 2.0 TDI 4Drive 110 CP - Recondiţionată,SEAT,14,LEON ST,116,2.0 TDI 4Drive,110,DCYA
1043,2,04L253010B,2,Turbina SEAT LEON ST 2.0 TDI 4Drive 110 CP - Recondiţionată,SEAT,14,LEON ST,115,2.0 TDI 4Drive,110,DFGA
1044,2,04L253010B,2,Turbina SEAT TARRACO 2.0 TDI 4Drive 110 CP - Recondiţionată,SEAT,15,TARRACO,120,2.0 TDI 4Drive,110,DFGA
1045,2,04L253010B,2,Turbina SEAT TARRACO 2.0 TDI 110 CP - Recondiţionată,SEAT,15,TARRACO,121,2.0 TDI,110,DFGA
1045,2,04L253010B,2,Turbina SEAT TARRACO 2.0 TDI 110 CP - Recondiţionată,SEAT,15,TARRACO,122,2.0 TDI,110,DTSA
1045,2,04L253010B,2,Turbina SEAT TARRACO 2.0 TDI 110 CP - Recondiţionată,SEAT,15,TARRACO,123,2.0 TDI,110,DTSB
1046,2,04L253010B,3,Turbina SKODA KAROQ 2.0 TDI 110 CP - Recondiţionată,SKODA,16,KAROQ,124,2.0 TDI,110,DFFA
1046,2,04L253010B,3,Turbina SKODA KAROQ 2.0 TDI 110 CP - Recondiţionată,SKODA,16,KAROQ,125,2.0 TDI,110,DTTA
1047,2,04L253010B,3,Turbina SKODA KAROQ 2.0 TDI 4x4 110 CP - Recondiţionată,SKODA,16,KAROQ,126,2.0 TDI 4x4,110,DFFA
1047,2,04L253010B,3,Turbina SKODA KAROQ 2.0 TDI 4x4 110 CP - Recondiţionată,SKODA,16,KAROQ,127,2.0 TDI 4x4,110,DTTC
1047,2,04L253010B,3,Turbina SKODA KAROQ 2.0 TDI 4x4 110 CP - Recondiţionată,SKODA,16,KAROQ,128,2.0 TDI 4x4,110,DXRB
1048,2,04L253010B,3,Turbina SKODA KODIAQ I 2.0 TDI 4x4 110 CP - Recondiţionată,SKODA,17,KODIAQ I,130,2.0 TDI 4x4,110,DBGC
1048,2,04L253010B,3,Turbina SKODA KODIAQ I 2.0 TDI 4x4 110 CP - Recondiţionată,SKODA,17,KODIAQ I,131,2.0 TDI 4x4,110,DFGA
1048,2,04L253010B,3,Turbina SKODA KODIAQ I 2.0 TDI 4x4 110 CP - Recondiţionată,SKODA,17,KODIAQ I,129,2.0 TDI 4x4,110,DTSB
1049,2,04L253010B,3,Turbina SKODA KODIAQ I 2.0 TDI 110 CP - Recondiţionată,SKODA,17,KODIAQ I,133,2.0 TDI,110,DBGC
1049,2,04L253010B,3,Turbina SKODA KODIAQ I 2.0 TDI 110 CP - Recondiţionată,SKODA,17,KODIAQ I,132,2.0 TDI,110,DFGA
1049,2,04L253010B,3,Turbina SKODA KODIAQ I 2.0 TDI 110 CP - Recondiţionată,SKODA,17,KODIAQ I,134,2.0 TDI,110,DTSB
1050,2,04L253010B,3,Turbina SKODA OCTAVIA III 2.0 TDI 4x4 110 CP - Recondiţionată,SKODA,18,OCTAVIA III,138,2.0 TDI 4x4,110,CKFC
1050,2,04L253010B,3,Turbina SKODA OCTAVIA III 2.0 TDI 4x4 110 CP - Recondiţionată,SKODA,18,OCTAVIA III,136,2.0 TDI 4x4,110,CRMB
1050,2,04L253010B,3,Turbina SKODA OCTAVIA III 2.0 TDI 4x4 110 CP - Recondiţionată,SKODA,18,OCTAVIA III,137,2.0 TDI 4x4,110,DCYA
1050,2,04L253010B,3,Turbina SKODA OCTAVIA III 2.0 TDI 4x4 110 CP - Recondiţionată,SKODA,18,OCTAVIA III,135,2.0 TDI 4x4,110,DFFA
1051,2,04L253010B,3,Turbina SKODA OCTAVIA III 2.0 TDI 110 CP - Recondiţionată,SKODA,18,OCTAVIA III,140,2.0 TDI,110,CKFC
1051,2,04L253010B,3,Turbina SKODA OCTAVIA III 2.0 TDI 110 CP - Recondiţionată,SKODA,18,OCTAVIA III,141,2.0 TDI,110,CRMB
1051,2,04L253010B,3,Turbina SKODA OCTAVIA III 2.0 TDI 110 CP - Recondiţionată,SKODA,18,OCTAVIA III,139,2.0 TDI,110,CYKA
1051,2,04L253010B,3,Turbina SKODA OCTAVIA III 2.0 TDI 110 CP - Recondiţionată,SKODA,18,OCTAVIA III,143,2.0 TDI,110,DCYA
1051,2,04L253010B,3,Turbina SKODA OCTAVIA III 2.0 TDI 110 CP - Recondiţionată,SKODA,18,OCTAVIA III,142,2.0 TDI,110,DFFA
1052,2,04L253010B,3,Turbina SKODA OCTAVIA III Combi 2.0 TDI 110 CP - Recondiţionată,SKODA,19,OCTAVIA III Combi,146,2.0 TDI,110,CKFC
1052,2,04L253010B,3,Turbina SKODA OCTAVIA III Combi 2.0 TDI 110 CP - Recondiţionată,SKODA,19,OCTAVIA III Combi,147,2.0 TDI,110,CRMB
1052,2,04L253010B,3,Turbina SKODA OCTAVIA III Combi 2.0 TDI 110 CP - Recondiţionată,SKODA,19,OCTAVIA III Combi,145,2.0 TDI,110,CYKA
1052,2,04L253010B,3,Turbina SKODA OCTAVIA III Combi 2.0 TDI 110 CP - Recondiţionată,SKODA,19,OCTAVIA III Combi,148,2.0 TDI,110,DCYA
1052,2,04L253010B,3,Turbina SKODA OCTAVIA III Combi 2.0 TDI 110 CP - Recondiţionată,SKODA,19,OCTAVIA III Combi,144,2.0 TDI,110,DFFA
1053,2,04L253010B,3,Turbina SKODA OCTAVIA III Combi 2.0 TDI 4x4 110 CP - Recondiţionată,SKODA,19,OCTAVIA III Combi,149,2.0 TDI 4x4,110,CKFC
1053,2,04L253010B,3,Turbina SKODA OCTAVIA III Combi 2.0 TDI 4x4 110 CP - Recondiţionată,SKODA,19,OCTAVIA III Combi,150,2.0 TDI 4x4,110,CRMB
1053,2,04L253010B,3,Turbina SKODA OCTAVIA III Combi 2.0 TDI 4x4 110 CP - Recondiţionată,SKODA,19,OCTAVIA III Combi,151,2.0 TDI 4x4,110,DCYA
1053,2,04L253010B,3,Turbina SKODA OCTAVIA III Combi 2.0 TDI 4x4 110 CP - Recondiţionată,SKODA,19,OCTAVIA III Combi,152,2.0 TDI 4x4,110,DFFA
1054,2,04L253010B,3,Turbina SKODA SUPERB III 2.0 TDI 4x4 110 CP - Recondiţionată,SKODA,20,SUPERB III,153,2.0 TDI 4x4,110,CRLB
1054,2,04L253010B,3,Turbina SKODA SUPERB III 2.0 TDI 4x4 110 CP - Recondiţionată,SKODA,20,SUPERB III,154,2.0 TDI 4x4,110,DFEA
1054,2,04L253010B,3,Turbina SKODA SUPERB III 2.0 TDI 4x4 110 CP - Recondiţionată,SKODA,20,SUPERB III,155,2.0 TDI 4x4,110,DFGA
1055,2,04L253010B,3,Turbina SKODA SUPERB III 2.0 TDI 110 CP - Recondiţionată,SKODA,20,SUPERB III,156,2.0 TDI,110,CRLB
1055,2,04L253010B,3,Turbina SKODA SUPERB III 2.0 TDI 110 CP - Recondiţionată,SKODA,20,SUPERB III,157,2.0 TDI,110,DFEA
1055,2,04L253010B,3,Turbina SKODA SUPERB III 2.0 TDI 110 CP - Recondiţionată,SKODA,20,SUPERB III,158,2.0 TDI,110,DFGA
1055,2,04L253010B,3,Turbina SKODA SUPERB III 2.0 TDI 110 CP - Recondiţionată,SKODA,20,SUPERB III,159,2.0 TDI,110,DSRA
1055,2,04L253010B,3,Turbina SKODA SUPERB III 2.0 TDI 110 CP - Recondiţionată,SKODA,20,SUPERB III,160,2.0 TDI,110,DSRB
1055,2,04L253010B,3,Turbina SKODA SUPERB III 2.0 TDI 110 CP - Recondiţionată,SKODA,20,SUPERB III,162,2.0 TDI,110,DTSA
1055,2,04L253010B,3,Turbina SKODA SUPERB III 2.0 TDI 110 CP - Recondiţionată,SKODA,20,SUPERB III,161,2.0 TDI,110,DTSB
1056,2,04L253010B,3,Turbina SKODA SUPERB III Estate 2.0 TDI 4x4 110 CP - Recondiţionată,SKODA,21,SUPERB III Estate,163,2.0 TDI 4x4,110,CRLB
1056,2,04L253010B,3,Turbina SKODA SUPERB III Estate 2.0 TDI 4x4 110 CP - Recondiţionată,SKODA,21,SUPERB III Estate,164,2.0 TDI 4x4,110,DFEA
1056,2,04L253010B,3,Turbina SKODA SUPERB III Estate 2.0 TDI 4x4 110 CP - Recondiţionată,SKODA,21,SUPERB III Estate,165,2.0 TDI 4x4,110,DFGA
1057,2,04L253010B,3,Turbina SKODA SUPERB III Estate 2.0 TDI 110 CP - Recondiţionată,SKODA,21,SUPERB III Estate,166,2.0 TDI,110,CRLB
1057,2,04L253010B,3,Turbina SKODA SUPERB III Estate 2.0 TDI 110 CP - Recondiţionată,SKODA,21,SUPERB III Estate,167,2.0 TDI,110,DFEA
1057,2,04L253010B,3,Turbina SKODA SUPERB III Estate 2.0 TDI 110 CP - Recondiţionată,SKODA,21,SUPERB III Estate,168,2.0 TDI,110,DFGA
1057,2,04L253010B,3,Turbina SKODA SUPERB III Estate 2.0 TDI 110 CP - Recondiţionată,SKODA,21,SUPERB III Estate,169,2.0 TDI,110,DSRA
1057,2,04L253010B,3,Turbina SKODA SUPERB III Estate 2.0 TDI 110 CP - Recondiţionată,SKODA,21,SUPERB III Estate,170,2.0 TDI,110,DSRB
1057,2,04L253010B,3,Turbina SKODA SUPERB III Estate 2.0 TDI 110 CP - Recondiţionată,SKODA,21,SUPERB III Estate,172,2.0 TDI,110,DTSA
1057,2,04L253010B,3,Turbina SKODA SUPERB III Estate 2.0 TDI 110 CP - Recondiţionată,SKODA,21,SUPERB III Estate,171,2.0 TDI,110,DTSB
1058,2,04L253010B,4,Turbina VW ARTEON 2.0 TDI 110 CP - Recondiţionată,VW,22,ARTEON,175,2.0 TDI,110,DBGA
1058,2,04L253010B,4,Turbina VW ARTEON 2.0 TDI 110 CP - Recondiţionată,VW,22,ARTEON,174,2.0 TDI,110,DFGA
1058,2,04L253010B,4,Turbina VW ARTEON 2.0 TDI 110 CP - Recondiţionată,VW,22,ARTEON,176,2.0 TDI,110,DSRA
1058,2,04L253010B,4,Turbina VW ARTEON 2.0 TDI 110 CP - Recondiţionată,VW,22,ARTEON,173,2.0 TDI,110,DSRB
1058,2,04L253010B,4,Turbina VW ARTEON 2.0 TDI 110 CP - Recondiţionată,VW,22,ARTEON,177,2.0 TDI,110,DTSA
1058,2,04L253010B,4,Turbina VW ARTEON 2.0 TDI 110 CP - Recondiţionată,VW,22,ARTEON,178,2.0 TDI,110,DTSB
1058,2,04L253010B,4,Turbina VW ARTEON 2.0 TDI 110 CP - Recondiţionată,VW,22,ARTEON,179,2.0 TDI,110,DXPA
1059,2,04L253010B,4,Turbina VW ARTEON SHOOTING BRAKE 2.0 TDI 4motion 140 CP - Recondiţionată,VW,23,ARTEON SHOOTING BRAKE,180,2.0 TDI 4motion,140,DFHA
1060,2,04L253010B,4,Turbina VW GOLF ALLTRACK VII Variant 2.0 TDI 4motion 110 CP - Recondiţionată,VW,24,GOLF ALLTRACK VII Variant,181,2.0 TDI 4motion,110,CRBC
1060,2,04L253010B,4,Turbina VW GOLF ALLTRACK VII Variant 2.0 TDI 4motion 110 CP - Recondiţionată,VW,24,GOLF ALLTRACK VII Variant,183,2.0 TDI 4motion,110,CRLB
1060,2,04L253010B,4,Turbina VW GOLF ALLTRACK VII Variant 2.0 TDI 4motion 110 CP - Recondiţionată,VW,24,GOLF ALLTRACK VII Variant,182,2.0 TDI 4motion,110,DCYA
1060,2,04L253010B,4,Turbina VW GOLF ALLTRACK VII Variant 2.0 TDI 4motion 110 CP - Recondiţionată,VW,24,GOLF ALLTRACK VII Variant,184,2.0 TDI 4motion,110,DFGA
1061,2,04L253010B,4,Turbina VW GOLF SPORTSVAN VII 2.0 TDI 81 CP - Recondiţionată,VW,25,GOLF SPORTSVAN VII,186,2.0 TDI,81,CRLD
1061,2,04L253010B,4,Turbina VW GOLF SPORTSVAN VII 2.0 TDI 81 CP - Recondiţionată,VW,25,GOLF SPORTSVAN VII,187,2.0 TDI,81,CRVA
1061,2,04L253010B,4,Turbina VW GOLF SPORTSVAN VII 2.0 TDI 81 CP - Recondiţionată,VW,25,GOLF SPORTSVAN VII,185,2.0 TDI,81,DCYB
1062,2,04L253010B,4,Turbina VW GOLF SPORTSVAN VII 2.0 TDI 110 CP - Recondiţionată,VW,25,GOLF SPORTSVAN VII,190,2.0 TDI,110,CRLB
1062,2,04L253010B,4,Turbina VW GOLF SPORTSVAN VII 2.0 TDI 110 CP - Recondiţionată,VW,25,GOLF SPORTSVAN VII,189,2.0 TDI,110,DCYA
1062,2,04L253010B,4,Turbina VW GOLF SPORTSVAN VII 2.0 TDI 110 CP - Recondiţionată,VW,25,GOLF SPORTSVAN VII,188,2.0 TDI,110,DFGA
1063,2,04L253010B,4,Turbina VW GOLF VAN VII Variant 2.0 TDi 110 CP - Recondiţionată,VW,26,GOLF VAN VII Variant,193,2.0 TDi,110,CRBC
1063,2,04L253010B,4,Turbina VW GOLF VAN VII Variant 2.0 TDi 110 CP - Recondiţionată,VW,26,GOLF VAN VII Variant,192,2.0 TDi,110,CRLB
1063,2,04L253010B,4,Turbina VW GOLF VAN VII Variant 2.0 TDi 110 CP - Recondiţionată,VW,26,GOLF VAN VII Variant,191,2.0 TDi,110,DCYA
1064,2,04L253010B,4,Turbina VW GOLF VAN VII Variant 2.0 TDi 4motion 110 CP - Recondiţionată,VW,26,GOLF VAN VII Variant,195,2.0 TDi 4motion,110,CRBC
1064,2,04L253010B,4,Turbina VW GOLF VAN VII Variant 2.0 TDi 4motion 110 CP - Recondiţionată,VW,26,GOLF VAN VII Variant,194,2.0 TDi 4motion,110,CRLB
1064,2,04L253010B,4,Turbina VW GOLF VAN VII Variant 2.0 TDi 4motion 110 CP - Recondiţionată,VW,26,GOLF VAN VII Variant,196,2.0 TDi 4motion,110,DCYA
1065,2,04L253010B,4,Turbina VW GOLF VII 2.0 TDI 81 CP - Recondiţionată,VW,27,GOLF VII,201,2.0 TDI,81,CRVA
1065,2,04L253010B,4,Turbina VW GOLF VII 2.0 TDI 81 CP - Recondiţionată,VW,27,GOLF VII,198,2.0 TDI,81,CYKB
1065,2,04L253010B,4,Turbina VW GOLF VII 2.0 TDI 81 CP - Recondiţionată,VW,27,GOLF VII,200,2.0 TDI,81,DCYB
1065,2,04L253010B,4,Turbina VW GOLF VII 2.0 TDI 81 CP - Recondiţionată,VW,27,GOLF VII,197,2.0 TDI,81,DEJB
1065,2,04L253010B,4,Turbina VW GOLF VII 2.0 TDI 81 CP - Recondiţionată,VW,27,GOLF VII,199,2.0 TDI,81,DFGB
1066,2,04L253010B,4,Turbina VW GOLF VII 2.0 TDI 110 CP - Recondiţionată,VW,27,GOLF VII,204,2.0 TDI,110,CRBC
1066,2,04L253010B,4,Turbina VW GOLF VII 2.0 TDI 110 CP - Recondiţionată,VW,27,GOLF VII,207,2.0 TDI,110,CRLB
1066,2,04L253010B,4,Turbina VW GOLF VII 2.0 TDI 110 CP - Recondiţionată,VW,27,GOLF VII,203,2.0 TDI,110,CRMB
1066,2,04L253010B,4,Turbina VW GOLF VII 2.0 TDI 110 CP - Recondiţionată,VW,27,GOLF VII,206,2.0 TDI,110,CRUA
1066,2,04L253010B,4,Turbina VW GOLF VII 2.0 TDI 110 CP - Recondiţionată,VW,27,GOLF VII,205,2.0 TDI,110,DCYA
1066,2,04L253010B,4,Turbina VW GOLF VII 2.0 TDI 110 CP - Recondiţionată,VW,27,GOLF VII,208,2.0 TDI,110,DEJA
1066,2,04L253010B,4,Turbina VW GOLF VII 2.0 TDI 110 CP - Recondiţionată,VW,27,GOLF VII,202,2.0 TDI,110,DFGA
1067,2,04L253010B,4,Turbina VW GOLF VII 2.0 TDI 4motion 110 CP - Recondiţionată,VW,27,GOLF VII,213,2.0 TDI 4motion,110,CKFC
1067,2,04L253010B,4,Turbina VW GOLF VII 2.0 TDI 4motion 110 CP - Recondiţionată,VW,27,GOLF VII,210,2.0 TDI 4motion,110,CRBC
1067,2,04L253010B,4,Turbina VW GOLF VII 2.0 TDI 4motion 110 CP - Recondiţionată,VW,27,GOLF VII,212,2.0 TDI 4motion,110,CRLB
1067,2,04L253010B,4,Turbina VW GOLF VII 2.0 TDI 4motion 110 CP - Recondiţionată,VW,27,GOLF VII,209,2.0 TDI 4motion,110,CRMB
1067,2,04L253010B,4,Turbina VW GOLF VII 2.0 TDI 4motion 110 CP - Recondiţionată,VW,27,GOLF VII,211,2.0 TDI 4motion,110,DCYA
1067,2,04L253010B,4,Turbina VW GOLF VII 2.0 TDI 4motion 110 CP - Recondiţionată,VW,27,GOLF VII,214,2.0 TDI 4motion,110,DFGA
1068,2,04L253010B,4,Turbina VW GOLF VII Van 2.0 TDi 4motion 110 CP - Recondiţionată,VW,28,GOLF VII Van,215,2.0 TDi 4motion,110,CRBC
1069,2,04L253010B,4,Turbina VW GOLF VII Variant 2.0 TDI 81 CP - Recondiţionată,VW,29,GOLF VII Variant,218,2.0 TDI,81,CRLD
1069,2,04L253010B,4,Turbina VW GOLF VII Variant 2.0 TDI 81 CP - Recondiţionată,VW,29,GOLF VII Variant,219,2.0 TDI,81,CRVA
1069,2,04L253010B,4,Turbina VW GOLF VII Variant 2.0 TDI 81 CP - Recondiţionată,VW,29,GOLF VII Variant,217,2.0 TDI,81,CYKB
1069,2,04L253010B,4,Turbina VW GOLF VII Variant 2.0 TDI 81 CP - Recondiţionată,VW,29,GOLF VII Variant,220,2.0 TDI,81,DCYB
1069,2,04L253010B,4,Turbina VW GOLF VII Variant 2.0 TDI 81 CP - Recondiţionată,VW,29,GOLF VII Variant,216,2.0 TDI,81,DEJB
1069,2,04L253010B,4,Turbina VW GOLF VII Variant 2.0 TDI 81 CP - Recondiţionată,VW,29,GOLF VII Variant,221,2.0 TDI,81,DFGB
1070,2,04L253010B,4,Turbina VW GOLF VII Variant 2.0 TDI 4motion 110 CP - Recondiţionată,VW,29,GOLF VII Variant,222,2.0 TDI 4motion,110,CRBC
1070,2,04L253010B,4,Turbina VW GOLF VII Variant 2.0 TDI 4motion 110 CP - Recondiţionată,VW,29,GOLF VII Variant,224,2.0 TDI 4motion,110,CRLB
1070,2,04L253010B,4,Turbina VW GOLF VII Variant 2.0 TDI 4motion 110 CP - Recondiţionată,VW,29,GOLF VII Variant,223,2.0 TDI 4motion,110,DCYA
1070,2,04L253010B,4,Turbina VW GOLF VII Variant 2.0 TDI 4motion 110 CP - Recondiţionată,VW,29,GOLF VII Variant,225,2.0 TDI 4motion,110,DFGA
1071,2,04L253010B,4,Turbina VW GOLF VII Variant 2.0 TDI 110 CP - Recondiţionată,VW,29,GOLF VII Variant,227,2.0 TDI,110,CRBC
1071,2,04L253010B,4,Turbina VW GOLF VII Variant 2.0 TDI 110 CP - Recondiţionată,VW,29,GOLF VII Variant,230,2.0 TDI,110,CRLB
1071,2,04L253010B,4,Turbina VW GOLF VII Variant 2.0 TDI 110 CP - Recondiţionată,VW,29,GOLF VII Variant,229,2.0 TDI,110,CRUA
1071,2,04L253010B,4,Turbina VW GOLF VII Variant 2.0 TDI 110 CP - Recondiţionată,VW,29,GOLF VII Variant,228,2.0 TDI,110,DCYA
1071,2,04L253010B,4,Turbina VW GOLF VII Variant 2.0 TDI 110 CP - Recondiţionată,VW,29,GOLF VII Variant,231,2.0 TDI,110,DEJA
1071,2,04L253010B,4,Turbina VW GOLF VII Variant 2.0 TDI 110 CP - Recondiţionată,VW,29,GOLF VII Variant,226,2.0 TDI,110,DFGA
1072,2,04L253010B,4,Turbina VW PASSAT ALLTRACK B8 Variant 2.0 TDI 4motion 110 CP - Recondiţionată,VW,30,PASSAT ALLTRACK B8 Variant,233,2.0 TDI 4motion,110,CRLB
1072,2,04L253010B,4,Turbina VW PASSAT ALLTRACK B8 Variant 2.0 TDI 4motion 110 CP - Recondiţionată,VW,30,PASSAT ALLTRACK B8 Variant,232,2.0 TDI 4motion,110,DFEA
1072,2,04L253010B,4,Turbina VW PASSAT ALLTRACK B8 Variant 2.0 TDI 4motion 110 CP - Recondiţionată,VW,30,PASSAT ALLTRACK B8 Variant,234,2.0 TDI 4motion,110,DFGA
1073,2,04L253010B,4,Turbina VW PASSAT B8 2.0 TDI 110 CP - Recondiţionată,VW,31,PASSAT B8,237,2.0 TDI,110,CRLB
1073,2,04L253010B,4,Turbina VW PASSAT B8 2.0 TDI 110 CP - Recondiţionată,VW,31,PASSAT B8,235,2.0 TDI,110,DBGA
1073,2,04L253010B,4,Turbina VW PASSAT B8 2.0 TDI 110 CP - Recondiţionată,VW,31,PASSAT B8,236,2.0 TDI,110,DFGA
1073,2,04L253010B,4,Turbina VW PASSAT B8 2.0 TDI 110 CP - Recondiţionată,VW,31,PASSAT B8,238,2.0 TDI,110,DSRA
1073,2,04L253010B,4,Turbina VW PASSAT B8 2.0 TDI 110 CP - Recondiţionată,VW,31,PASSAT B8,239,2.0 TDI,110,DSRB
1073,2,04L253010B,4,Turbina VW PASSAT B8 2.0 TDI 110 CP - Recondiţionată,VW,31,PASSAT B8,241,2.0 TDI,110,DTSA
1073,2,04L253010B,4,Turbina VW PASSAT B8 2.0 TDI 110 CP - Recondiţionată,VW,31,PASSAT B8,240,2.0 TDI,110,DTSB
1074,2,04L253010B,4,Turbina VW PASSAT B8 2.0 TDI 4motion 110 CP - Recondiţionată,VW,31,PASSAT B8,243,2.0 TDI 4motion,110,CRLB
1074,2,04L253010B,4,Turbina VW PASSAT B8 2.0 TDI 4motion 110 CP - Recondiţionată,VW,31,PASSAT B8,242,2.0 TDI 4motion,110,DFEA
1074,2,04L253010B,4,Turbina VW PASSAT B8 2.0 TDI 4motion 110 CP - Recondiţionată,VW,31,PASSAT B8,244,2.0 TDI 4motion,110,DFGA
1074,2,04L253010B,4,Turbina VW PASSAT B8 2.0 TDI 4motion 110 CP - Recondiţionată,VW,31,PASSAT B8,245,2.0 TDI 4motion,110,DTSA
1075,2,04L253010B,4,Turbina VW PASSAT B8 Variant 2.0 TDI 110 CP - Recondiţionată,VW,32,PASSAT B8 Variant,248,2.0 TDI,110,CRLB
1075,2,04L253010B,4,Turbina VW PASSAT B8 Variant 2.0 TDI 110 CP - Recondiţionată,VW,32,PASSAT B8 Variant,246,2.0 TDI,110,DBGA
1075,2,04L253010B,4,Turbina VW PASSAT B8 Variant 2.0 TDI 110 CP - Recondiţionată,VW,32,PASSAT B8 Variant,247,2.0 TDI,110,DFGA
1075,2,04L253010B,4,Turbina VW PASSAT B8 Variant 2.0 TDI 110 CP - Recondiţionată,VW,32,PASSAT B8 Variant,249,2.0 TDI,110,DSRA
1075,2,04L253010B,4,Turbina VW PASSAT B8 Variant 2.0 TDI 110 CP - Recondiţionată,VW,32,PASSAT B8 Variant,250,2.0 TDI,110,DSRB
1075,2,04L253010B,4,Turbina VW PASSAT B8 Variant 2.0 TDI 110 CP - Recondiţionată,VW,32,PASSAT B8 Variant,252,2.0 TDI,110,DTSA
1075,2,04L253010B,4,Turbina VW PASSAT B8 Variant 2.0 TDI 110 CP - Recondiţionată,VW,32,PASSAT B8 Variant,251,2.0 TDI,110,DTSB
1076,2,04L253010B,4,Turbina VW PASSAT B8 Variant 2.0 TDI 4motion 110 CP - Recondiţionată,VW,32,PASSAT B8 Variant,254,2.0 TDI 4motion,110,CRLB
1076,2,04L253010B,4,Turbina VW PASSAT B8 Variant 2.0 TDI 4motion 110 CP - Recondiţionată,VW,32,PASSAT B8 Variant,253,2.0 TDI 4motion,110,DFEA
1076,2,04L253010B,4,Turbina VW PASSAT B8 Variant 2.0 TDI 4motion 110 CP - Recondiţionată,VW,32,PASSAT B8 Variant,255,2.0 TDI 4motion,110,DFGA
1076,2,04L253010B,4,Turbina VW PASSAT B8 Variant 2.0 TDI 4motion 110 CP - Recondiţionată,VW,32,PASSAT B8 Variant,256,2.0 TDI 4motion,110,DTSA
1077,2,04L253010B,4,Turbina VW SHARAN 2.0 TDI 110 CP - Recondiţionată,VW,33,SHARAN,259,2.0 TDI,110,CUVC
1077,2,04L253010B,4,Turbina VW SHARAN 2.0 TDI 110 CP - Recondiţionată,VW,33,SHARAN,258,2.0 TDI,110,DFLA
1077,2,04L253010B,4,Turbina VW SHARAN 2.0 TDI 110 CP - Recondiţionată,VW,33,SHARAN,257,2.0 TDI,110,DLTA
1078,2,04L253010B,4,Turbina VW SHARAN 2.0 TDI 4motion 110 CP - Recondiţionată,VW,33,SHARAN,262,2.0 TDI 4motion,110,CUVC
1078,2,04L253010B,4,Turbina VW SHARAN 2.0 TDI 4motion 110 CP - Recondiţionată,VW,33,SHARAN,261,2.0 TDI 4motion,110,DFLA
1078,2,04L253010B,4,Turbina VW SHARAN 2.0 TDI 4motion 110 CP - Recondiţionată,VW,33,SHARAN,260,2.0 TDI 4motion,110,DLTA
1079,2,04L253010B,4,Turbina VW SHARAN 2.0 TDI 85 CP - Recondiţionată,VW,33,SHARAN,265,2.0 TDI,85,CFFE
1079,2,04L253010B,4,Turbina VW SHARAN 2.0 TDI 85 CP - Recondiţionată,VW,33,SHARAN,264,2.0 TDI,85,CUVA
1079,2,04L253010B,4,Turbina VW SHARAN 2.0 TDI 85 CP - Recondiţionată,VW,33,SHARAN,263,2.0 TDI,85,DFLD
1079,2,04L253010B,4,Turbina VW SHARAN 2.0 TDI 85 CP - Recondiţionată,VW,33,SHARAN,266,2.0 TDI,85,DLTC
1080,2,04L253010B,4,Turbina VW T-ROC 2.0 TDI 110 CP - Recondiţionată,VW,34,T-ROC,268,2.0 TDI,110,DFFA
1080,2,04L253010B,4,Turbina VW T-ROC 2.0 TDI 110 CP - Recondiţionată,VW,34,T-ROC,269,2.0 TDI,110,DTTA
1080,2,04L253010B,4,Turbina VW T-ROC 2.0 TDI 110 CP - Recondiţionată,VW,34,T-ROC,270,2.0 TDI,110,DTTC
1080,2,04L253010B,4,Turbina VW T-ROC 2.0 TDI 110 CP - Recondiţionată,VW,34,T-ROC,267,2.0 TDI,110,DXRB
1081,2,04L253010B,4,Turbina VW T-ROC 2.0 TDI 4motion 110 CP - Recondiţionată,VW,34,T-ROC,271,2.0 TDI 4motion,110,DFFA
1081,2,04L253010B,4,Turbina VW T-ROC 2.0 TDI 4motion 110 CP - Recondiţionată,VW,34,T-ROC,272,2.0 TDI 4motion,110,DTTC
1081,2,04L253010B,4,Turbina VW T-ROC 2.0 TDI 4motion 110 CP - Recondiţionată,VW,34,T-ROC,273,2.0 TDI 4motion,110,DXRB
1082,2,04L253010B,4,Turbina VW TIGUAN 2.0 TDI 4motion 110 CP - Recondiţionată,VW,35,TIGUAN,274,2.0 TDI 4motion,110,CUVC
1083,2,04L253010B,4,Turbina VW TIGUAN 2.0 TDI 110 CP - Recondiţionată,VW,35,TIGUAN,275,2.0 TDI,110,CUVC
1084,2,04L253010B,4,Turbina VW TIGUAN 2.0 TDI 81 CP - Recondiţionată,VW,35,TIGUAN,277,2.0 TDI,81,CFFD
1084,2,04L253010B,4,Turbina VW TIGUAN 2.0 TDI 81 CP - Recondiţionată,VW,35,TIGUAN,276,2.0 TDI,81,CUVE
1085,2,04L253010B,4,Turbina VW TIGUAN 2.0 TDI 110 CP - Recondiţionată,VW,35,TIGUAN,278,2.0 TDI,110,DFGA
1085,2,04L253010B,4,Turbina VW TIGUAN 2.0 TDI 110 CP - Recondiţionată,VW,35,TIGUAN,279,2.0 TDI,110,DTSA
1085,2,04L253010B,4,Turbina VW TIGUAN 2.0 TDI 110 CP - Recondiţionată,VW,35,TIGUAN,280,2.0 TDI,110,DTSB
1086,2,04L253010B,4,Turbina VW TIGUAN 2.0 TDI 85 CP - Recondiţionată,VW,35,TIGUAN,281,2.0 TDI,85,DFGC
1087,2,04L253010B,4,Turbina VW TIGUAN 2.0 TDI 4motion 110 CP - Recondiţionată,VW,35,TIGUAN,282,2.0 TDI 4motion,110,DBGC
1087,2,04L253010B,4,Turbina VW TIGUAN 2.0 TDI 4motion 110 CP - Recondiţionată,VW,35,TIGUAN,283,2.0 TDI 4motion,110,DFGA
1087,2,04L253010B,4,Turbina VW TIGUAN 2.0 TDI 4motion 110 CP - Recondiţionată,VW,35,TIGUAN,284,2.0 TDI 4motion,110,DTSA
1087,2,04L253010B,4,Turbina VW TIGUAN 2.0 TDI 4motion 110 CP - Recondiţionată,VW,35,TIGUAN,285,2.0 TDI 4motion,110,DTSB
1088,2,04L253010B,4,Turbina VW TIGUAN 2.0 TDI 81 CP - Recondiţionată,VW,35,TIGUAN,286,2.0 TDI,81,CYKC
1089,2,04L253010B,4,Turbina VW TIGUAN ALLSPACE 2.0 TDI 4motion 110 CP - Recondiţionată,VW,36,TIGUAN ALLSPACE,288,2.0 TDI 4motion,110,DBGC
1089,2,04L253010B,4,Turbina VW TIGUAN ALLSPACE 2.0 TDI 4motion 110 CP - Recondiţionată,VW,36,TIGUAN ALLSPACE,287,2.0 TDI 4motion,110,DFGA
1089,2,04L253010B,4,Turbina VW TIGUAN ALLSPACE 2.0 TDI 4motion 110 CP - Recondiţionată,VW,36,TIGUAN ALLSPACE,289,2.0 TDI 4motion,110,DTSA
1089,2,04L253010B,4,Turbina VW TIGUAN ALLSPACE 2.0 TDI 4motion 110 CP - Recondiţionată,VW,36,TIGUAN ALLSPACE,290,2.0 TDI 4motion,110,DTSB
1090,2,04L253010B,4,Turbina VW TIGUAN ALLSPACE 2.0 TDI 110 CP - Recondiţionată,VW,36,TIGUAN ALLSPACE,291,2.0 TDI,110,DFGA
1090,2,04L253010B,4,Turbina VW TIGUAN ALLSPACE 2.0 TDI 110 CP - Recondiţionată,VW,36,TIGUAN ALLSPACE,292,2.0 TDI,110,DTSA
1090,2,04L253010B,4,Turbina VW TIGUAN ALLSPACE 2.0 TDI 110 CP - Recondiţionată,VW,36,TIGUAN ALLSPACE,293,2.0 TDI,110,DTSB
1091,2,04L253010B,4,Turbina VW TOURAN 2.0 TDI 85 CP - Recondiţionată,VW,37,TOURAN,294,2.0 TDI,85,DFGC
1092,2,04L253010B,4,Turbina VW TOURAN 2.0 TDI 110 CP - Recondiţionată,VW,37,TOURAN,295,2.0 TDI,110,DFEA
1092,2,04L253010B,4,Turbina VW TOURAN 2.0 TDI 110 CP - Recondiţionată,VW,37,TOURAN,296,2.0 TDI,110,DFGA
1092,2,04L253010B,4,Turbina VW TOURAN 2.0 TDI 110 CP - Recondiţionată,VW,37,TOURAN,297,2.0 TDI,110,DTSB
1092,2,04L253010B,4,Turbina VW TOURAN 2.0 TDI 110 CP - Recondiţionată,VW,37,TOURAN,298,2.0 TDI,110,DXPA
1093,2,04L253010B,4,Turbina VW TOURAN 2.0 TDI 81 CP - Recondiţionată,VW,37,TOURAN,302,2.0 TDI,81,CRVA
1093,2,04L253010B,4,Turbina VW TOURAN 2.0 TDI 81 CP - Recondiţionată,VW,37,TOURAN,299,2.0 TDI,81,CYKB
1093,2,04L253010B,4,Turbina VW TOURAN 2.0 TDI 81 CP - Recondiţionată,VW,37,TOURAN,301,2.0 TDI,81,DFEB
1093,2,04L253010B,4,Turbina VW TOURAN 2.0 TDI 81 CP - Recondiţionată,VW,37,TOURAN,300,2.0 TDI,81,DFGB
1094,3,11657790326,5,Turbina BMW Seria 3 330 d 150 CP - Recondiţionată,BMW,38,Seria 3,303,330 d,150,M57 D30
1095,3,11657790326,5,Turbina BMW Seria 3 330 xd 150 CP - Recondiţionată,BMW,38,Seria 3,304,330 xd,150,M57 D30
1096,3,11657790326,5,Turbina BMW Seria 3 Cabrio 330 Cd 150 CP - Recondiţionată,BMW,39,Seria 3 Cabrio,305,330 Cd,150,M57 D30
1097,3,11657790326,5,Turbina BMW Seria 3 Coupe 330 Cd 150 CP - Recondiţionată,BMW,40,Seria 3 Coupe,306,330 Cd,150,M57 D30
1098,3,11657790326,5,Turbina BMW Seria 3 Break 330 xd 150 CP - Recondiţionată,BMW,41,Seria 3 Break,307,330 xd,150,M57 D30
1099,3,11657790326,5,Turbina BMW Seria 3 Break 330 d 150 CP - Recondiţionată,BMW,41,Seria 3 Break,308,330 d,150,M57 D30
1100,3,11657790326,5,Turbina BMW X3 3.0 d 150 CP - Recondiţionată,BMW,42,X3,309,3.0 d,150,M57 D30
1101,4,0375J3,6,Turbina CITROEN BERLINGO Box Body/MPV 1.6 HDi 90 16V 66 CP - Recondiţionată,CITROEN,43,BERLINGO Box Body/MPV,310,1.6 HDi 90 16V,66,9HS
1101,4,0375J3,6,Turbina CITROEN BERLINGO Box Body/MPV 1.6 HDi 90 16V 66 CP - Recondiţionată,CITROEN,43,BERLINGO Box Body/MPV,311,1.6 HDi 90 16V,66,9HX
1102,4,0375J3,6,Turbina CITROEN BERLINGO Box Body/MPV 1.6 HDi 110 80 CP - Recondiţionată,CITROEN,43,BERLINGO Box Body/MPV,312,1.6 HDi 110,80,9HZ
1103,4,0375J3,6,Turbina CITROEN BERLINGO MULTISPACE 1.6 HDi 110 80 CP - Recondiţionată,CITROEN,44,BERLINGO MULTISPACE,313,1.6 HDi 110,80,9HZ
1104,4,0375J3,6,Turbina CITROEN BERLINGO MULTISPACE 1.6 HDi 90 66 CP - Recondiţionată,CITROEN,44,BERLINGO MULTISPACE,315,1.6 HDi 90,66,9HV
1104,4,0375J3,6,Turbina CITROEN BERLINGO MULTISPACE 1.6 HDi 90 66 CP - Recondiţionată,CITROEN,44,BERLINGO MULTISPACE,314,1.6 HDi 90,66,9HX
1105,4,0375J3,6,Turbina CITROEN C2 1.6 HDi 80 CP - Recondiţionată,CITROEN,45,C2,316,1.6 HDi,80,9HZ
1106,4,0375J3,6,Turbina CITROEN C3 I 1.6 16V HDi 80 CP - Recondiţionată,CITROEN,46,C3 I,317,1.6 16V HDi,80,9HZ
1107,4,0375J3,6,Turbina CITROEN C3 PICASSO 1.6 HDi 80 CP - Recondiţionată,CITROEN,47,C3 PICASSO,318,1.6 HDi,80,9HZ
1108,4,0375J3,6,Turbina CITROEN C4 Coupe 1.6 HDi 80 CP - Recondiţionată,CITROEN,48,C4 Coupe,320,1.6 HDi,80,9HY
1108,4,0375J3,6,Turbina CITROEN C4 Coupe 1.6 HDi 80 CP - Recondiţionată,CITROEN,48,C4 Coupe,319,1.6 HDi,80,9HZ
1109,4,0375J3,6,Turbina CITROEN C4 Coupe 1.6 HDi 66 CP - Recondiţionată,CITROEN,48,C4 Coupe,322,1.6 HDi,66,9HV
1109,4,0375J3,6,Turbina CITROEN C4 Coupe 1.6 HDi 66 CP - Recondiţionată,CITROEN,48,C4 Coupe,321,1.6 HDi,66,9HX
1110,4,0375J3,6,Turbina CITROEN C4 GRAND PICASSO I 1.6 HDi 80 CP - Recondiţionată,CITROEN,49,C4 GRAND PICASSO I,324,1.6 HDi,80,9HY
1110,4,0375J3,6,Turbina CITROEN C4 GRAND PICASSO I 1.6 HDi 80 CP - Recondiţionată,CITROEN,49,C4 GRAND PICASSO I,323,1.6 HDi,80,9HZ
1111,4,0375J3,6,Turbina CITROEN C4 I 1.6 HDi 80 CP - Recondiţionată,CITROEN,50,C4 I,326,1.6 HDi,80,9HY
1111,4,0375J3,6,Turbina CITROEN C4 I 1.6 HDi 80 CP - Recondiţionată,CITROEN,50,C4 I,325,1.6 HDi,80,9HZ
1112,4,0375J3,6,Turbina CITROEN C4 I 1.6 HDi 85 CP - Recondiţionată,CITROEN,50,C4 I,327,1.6 HDi,85,9HY
1113,4,0375J3,6,Turbina CITROEN C4 I 1.6 HDi 66 CP - Recondiţionată,CITROEN,50,C4 I,329,1.6 HDi,66,9HV
1113,4,0375J3,6,Turbina CITROEN C4 I 1.6 HDi 66 CP - Recondiţionată,CITROEN,50,C4 I,328,1.6 HDi,66,9HX
1114,4,0375J3,6,Turbina CITROEN C4 I Saloon 1.6 HDi 80 CP - Recondiţionată,CITROEN,51,C4 I Saloon,331,1.6 HDi,80,9HY
1114,4,0375J3,6,Turbina CITROEN C4 I Saloon 1.6 HDi 80 CP - Recondiţionată,CITROEN,51,C4 I Saloon,330,1.6 HDi,80,9HZ
1115,4,0375J3,6,Turbina CITROEN C4 I Saloon 1.6 HDi 85 CP - Recondiţionată,CITROEN,51,C4 I Saloon,332,1.6 HDi,85,9HY
1116,4,0375J3,6,Turbina CITROEN C4 PICASSO I MPV 1.6 HDi 80 CP - Recondiţionată,CITROEN,52,C4 PICASSO I MPV,334,1.6 HDi,80,9HY
1116,4,0375J3,6,Turbina CITROEN C4 PICASSO I MPV 1.6 HDi 80 CP - Recondiţionată,CITROEN,52,C4 PICASSO I MPV,333,1.6 HDi,80,9HZ
1117,4,0375J3,6,Turbina CITROEN C5 II 1.6 HDi 80 CP - Recondiţionată,CITROEN,53,C5 II,336,1.6 HDi,80,9HY
1117,4,0375J3,6,Turbina CITROEN C5 II 1.6 HDi 80 CP - Recondiţionată,CITROEN,53,C5 II,335,1.6 HDi,80,9HZ
1118,4,0375J3,6,Turbina CITROEN C5 II Break 1.6 HDi 80 CP - Recondiţionată,CITROEN,54,C5 II Break,338,1.6 HDi,80,9HY
1118,4,0375J3,6,Turbina CITROEN C5 II Break 1.6 HDi 80 CP - Recondiţionată,CITROEN,54,C5 II Break,337,1.6 HDi,80,9HZ
1119,4,0375J3,6,Turbina CITROEN C5 II Estate Van 1.6 HDi 80 CP - Recondiţionată,CITROEN,55,C5 II Estate Van,340,1.6 HDi,80,9HY
1119,4,0375J3,6,Turbina CITROEN C5 II Estate Van 1.6 HDi 80 CP - Recondiţionată,CITROEN,55,C5 II Estate Van,339,1.6 HDi,80,9HZ
1120,4,0375J3,6,Turbina CITROEN C5 III 1.6 HDi 110 80 CP - Recondiţionată,CITROEN,56,C5 III,341,1.6 HDi 110,80,9HZ
1121,4,0375J3,6,Turbina CITROEN C5 III Break 1.6 HDi 110 80 CP - Recondiţionată,CITROEN,57,C5 III Break,342,1.6 HDi 110,80,9HZ
1122,4,0375J3,6,Turbina CITROEN XSARA PICASSO 1.6 HDi 80 CP - Recondiţionată,CITROEN,58,XSARA PICASSO,344,1.6 HDi,80,9HY
1122,4,0375J3,6,Turbina CITROEN XSARA PICASSO 1.6 HDi 80 CP - Recondiţionată,CITROEN,58,XSARA PICASSO,343,1.6 HDi,80,9HZ
1123,4,0375J3,7,Turbina MAZDA 3 1.6 DI Turbo 80 CP - Recondiţionată,MAZDA,59,3,345,1.6 DI Turbo,80,Y601
1123,4,0375J3,7,Turbina MAZDA 3 1.6 DI Turbo 80 CP - Recondiţionată,MAZDA,59,3,347,1.6 DI Turbo,80,Y603
1123,4,0375J3,7,Turbina MAZDA 3 1.6 DI Turbo 80 CP - Recondiţionată,MAZDA,59,3,348,1.6 DI Turbo,80,Y605
1123,4,0375J3,7,Turbina MAZDA 3 1.6 DI Turbo 80 CP - Recondiţionată,MAZDA,59,3,346,1.6 DI Turbo,80,Y642
1124,4,0375J3,7,Turbina MAZDA 3 1.6 MZ-CD 66 CP - Recondiţionată,MAZDA,59,3,349,1.6 MZ-CD,66,Y406
1125,4,0375J3,7,Turbina MAZDA 3 1.6 MZ-CD 80 CP - Recondiţionată,MAZDA,59,3,350,1.6 MZ-CD,80,Y642
1126,4,0375J3,7,Turbina MAZDA 3 Saloon 1.6 DI Turbo 80 CP - Recondiţionată,MAZDA,60,3 Saloon,351,1.6 DI Turbo,80,Y601
1126,4,0375J3,7,Turbina MAZDA 3 Saloon 1.6 DI Turbo 80 CP - Recondiţionată,MAZDA,60,3 Saloon,353,1.6 DI Turbo,80,Y603
1126,4,0375J3,7,Turbina MAZDA 3 Saloon 1.6 DI Turbo 80 CP - Recondiţionată,MAZDA,60,3 Saloon,354,1.6 DI Turbo,80,Y605
1126,4,0375J3,7,Turbina MAZDA 3 Saloon 1.6 DI Turbo 80 CP - Recondiţionată,MAZDA,60,3 Saloon,352,1.6 DI Turbo,80,Y642
1127,4,0375J3,7,Turbina MAZDA 3 Saloon 1.6 MZR CD 80 CP - Recondiţionată,MAZDA,60,3 Saloon,355,1.6 MZR CD,80,Y642
1128,4,0375J3,8,Turbina MINI MINI Cooper D 80 CP - Recondiţionată,MINI,61,MINI,356,Cooper D,80,9HZ
1128,4,0375J3,8,Turbina MINI MINI Cooper D 80 CP - Recondiţionată,MINI,61,MINI,357,Cooper D,80,W16 D16
1129,4,0375J3,8,Turbina MINI MINI One D 66 CP - Recondiţionată,MINI,61,MINI,358,One D,66,9HZ
1130,4,0375J3,8,Turbina MINI MINI CLUBMAN Cooper D 80 CP - Recondiţionată,MINI,62,MINI CLUBMAN,359,Cooper D,80,9HZ
1131,4,0375J3,9,Turbina PEUGEOT 1007 1.6 HDi 80 CP - Recondiţionată,PEUGEOT,63,1007,360,1.6 HDi,80,9HZ
1132,4,0375J3,9,Turbina PEUGEOT 206 CC 1.6 HDi 110 80 CP - Recondiţionată,PEUGEOT,64,206 CC,361,1.6 HDi 110,80,9HZ
1133,4,0375J3,9,Turbina PEUGEOT 206 Hatchback 1.6 HDi 110 80 CP - Recondiţionată,PEUGEOT,65,206 Hatchback,362,1.6 HDi 110,80,9HY
1133,4,0375J3,9,Turbina PEUGEOT 206 Hatchback 1.6 HDi 110 80 CP - Recondiţionată,PEUGEOT,65,206 Hatchback,363,1.6 HDi 110,80,9HZ
1134,4,0375J3,9,Turbina PEUGEOT 206 SW 1.6 HDi 110 80 CP - Recondiţionată,PEUGEOT,66,206 SW,364,1.6 HDi 110,80,9HZ
1135,4,0375J3,9,Turbina PEUGEOT 207 1.6 HDi 80 CP - Recondiţionată,PEUGEOT,67,207,365,1.6 HDi,80,9HY
1135,4,0375J3,9,Turbina PEUGEOT 207 1.6 HDi 80 CP - Recondiţionată,PEUGEOT,67,207,366,1.6 HDi,80,9HZ
1136,4,0375J3,9,Turbina PEUGEOT 207 1.6 HDi 66 CP - Recondiţionată,PEUGEOT,67,207,367,1.6 HDi,66,9HV
1136,4,0375J3,9,Turbina PEUGEOT 207 1.6 HDi 66 CP - Recondiţionată,PEUGEOT,67,207,368,1.6 HDi,66,9HX
1137,4,0375J3,9,Turbina PEUGEOT 207 CC 1.6 HDi 80 CP - Recondiţionată,PEUGEOT,68,207 CC,369,1.6 HDi,80,9HZ
1138,4,0375J3,9,Turbina PEUGEOT 207 Hatchback Van 1.6 HDi 80 CP - Recondiţionată,PEUGEOT,69,207 Hatchback Van,370,1.6 HDi,80,9HZ
1139,4,0375J3,9,Turbina PEUGEOT 207 Hatchback Van 1.6 HDi 66 CP - Recondiţionată,PEUGEOT,69,207 Hatchback Van,371,1.6 HDi,66,9HX
1140,4,0375J3,9,Turbina PEUGEOT 207 SW 1.6 HDi 66 CP - Recondiţionată,PEUGEOT,70,207 SW,373,1.6 HDi,66,9HV
1140,4,0375J3,9,Turbina PEUGEOT 207 SW 1.6 HDi 66 CP - Recondiţionată,PEUGEOT,70,207 SW,372,1.6 HDi,66,9HX
1141,4,0375J3,9,Turbina PEUGEOT 207 SW 1.6 HDi 80 CP - Recondiţionată,PEUGEOT,70,207 SW,374,1.6 HDi,80,9HZ
1142,4,0375J3,9,Turbina PEUGEOT 207 SW Estate Van 1.6 HDi 80 CP - Recondiţionată,PEUGEOT,71,207 SW Estate Van,375,1.6 HDi,80,9HZ
1143,4,0375J3,9,Turbina PEUGEOT 3008 I MPV 1.6 HDi 80 CP - Recondiţionată,PEUGEOT,72,3008 I MPV,376,1.6 HDi,80,9HZ
1144,4,0375J3,9,Turbina PEUGEOT 3008 Van HDi 110 80 CP - Recondiţionată,PEUGEOT,73,3008 Van,377,HDi 110,80,9HZ
1145,4,0375J3,9,Turbina PEUGEOT 307 1.6 HDi 110 80 CP - Recondiţionată,PEUGEOT,74,307,378,1.6 HDi 110,80,9HY
1145,4,0375J3,9,Turbina PEUGEOT 307 1.6 HDi 110 80 CP - Recondiţionată,PEUGEOT,74,307,379,1.6 HDi 110,80,9HZ
1146,4,0375J3,9,Turbina PEUGEOT 307 1.6 HDi 66 CP - Recondiţionată,PEUGEOT,74,307,380,1.6 HDi,66,9HV
1146,4,0375J3,9,Turbina PEUGEOT 307 1.6 HDi 66 CP - Recondiţionată,PEUGEOT,74,307,381,1.6 HDi,66,9HX
1147,4,0375J3,9,Turbina PEUGEOT 307 Break 1.6 HDi 66 CP - Recondiţionată,PEUGEOT,75,307 Break,383,1.6 HDi,66,9HV
1147,4,0375J3,9,Turbina PEUGEOT 307 Break 1.6 HDi 66 CP - Recondiţionată,PEUGEOT,75,307 Break,382,1.6 HDi,66,9HX
1148,4,0375J3,9,Turbina PEUGEOT 307 Break 1.6 HDi 110 80 CP - Recondiţionată,PEUGEOT,75,307 Break,384,1.6 HDi 110,80,9HY
1148,4,0375J3,9,Turbina PEUGEOT 307 Break 1.6 HDi 110 80 CP - Recondiţionată,PEUGEOT,75,307 Break,385,1.6 HDi 110,80,9HZ
1149,4,0375J3,9,Turbina PEUGEOT 307 SW 1.6 HDI 110 80 CP - Recondiţionată,PEUGEOT,76,307 SW,386,1.6 HDI 110,80,9HY
1149,4,0375J3,9,Turbina PEUGEOT 307 SW 1.6 HDI 110 80 CP - Recondiţionată,PEUGEOT,76,307 SW,387,1.6 HDI 110,80,9HZ
1150,4,0375J3,9,Turbina PEUGEOT 307 SW 1.6 HDI 90 66 CP - Recondiţionată,PEUGEOT,76,307 SW,389,1.6 HDI 90,66,9HV
1150,4,0375J3,9,Turbina PEUGEOT 307 SW 1.6 HDI 90 66 CP - Recondiţionată,PEUGEOT,76,307 SW,388,1.6 HDI 90,66,9HX
1151,4,0375J3,9,Turbina PEUGEOT 308 CC 1.6 HDi 82 CP - Recondiţionată,PEUGEOT,77,308 CC,390,1.6 HDi,82,9HZ
1152,4,0375J3,9,Turbina PEUGEOT 308 I 1.6 HDi 80 CP - Recondiţionată,PEUGEOT,78,308 I,392,1.6 HDi,80,9HY
1152,4,0375J3,9,Turbina PEUGEOT 308 I 1.6 HDi 80 CP - Recondiţionată,PEUGEOT,78,308 I,391,1.6 HDi,80,9HZ
1153,4,0375J3,9,Turbina PEUGEOT 308 I 1.6 HDi 66 CP - Recondiţionată,PEUGEOT,78,308 I,393,1.6 HDi,66,9HV
1153,4,0375J3,9,Turbina PEUGEOT 308 I 1.6 HDi 66 CP - Recondiţionată,PEUGEOT,78,308 I,394,1.6 HDi,66,9HX
1154,4,0375J3,9,Turbina PEUGEOT 308 SW I 1.6 HDi 80 CP - Recondiţionată,PEUGEOT,79,308 SW I,396,1.6 HDi,80,9HY
1154,4,0375J3,9,Turbina PEUGEOT 308 SW I 1.6 HDi 80 CP - Recondiţionată,PEUGEOT,79,308 SW I,395,1.6 HDi,80,9HZ
1155,4,0375J3,9,Turbina PEUGEOT 308 SW I 1.6 HDi 66 CP - Recondiţionată,PEUGEOT,79,308 SW I,397,1.6 HDi,66,9HV
1155,4,0375J3,9,Turbina PEUGEOT 308 SW I 1.6 HDi 66 CP - Recondiţionată,PEUGEOT,79,308 SW I,398,1.6 HDi,66,9HX
1156,4,0375J3,9,Turbina PEUGEOT 308 SW I Estate Van 1.6 HDi 80 CP - Recondiţionată,PEUGEOT,80,308 SW I Estate Van,399,1.6 HDi,80,9HZ
1157,4,0375J3,9,Turbina PEUGEOT 407 1.6 HDi 110 80 CP - Recondiţionată,PEUGEOT,81,407,401,1.6 HDi 110,80,9HY
1157,4,0375J3,9,Turbina PEUGEOT 407 1.6 HDi 110 80 CP - Recondiţionată,PEUGEOT,81,407,400,1.6 HDi 110,80,9HZ
1158,4,0375J3,9,Turbina PEUGEOT 407 SW 1.6 HDi 110 80 CP - Recondiţionată,PEUGEOT,82,407 SW,403,1.6 HDi 110,80,9HY
1158,4,0375J3,9,Turbina PEUGEOT 407 SW 1.6 HDi 110 80 CP - Recondiţionată,PEUGEOT,82,407 SW,402,1.6 HDi 110,80,9HZ
1159,4,0375J3,9,Turbina PEUGEOT 5008 1.6 HDi 80 CP - Recondiţionată,PEUGEOT,83,5008,404,1.6 HDi,80,9HZ
1160,4,0375J3,9,Turbina PEUGEOT PARTNER Box Body/MPV 1.6 HDi 16V 4x4 66 CP - Recondiţionată,PEUGEOT,84,PARTNER Box Body/MPV,406,1.6 HDi 16V 4x4,66,9HS
1160,4,0375J3,9,Turbina PEUGEOT PARTNER Box Body/MPV 1.6 HDi 16V 4x4 66 CP - Recondiţionată,PEUGEOT,84,PARTNER Box Body/MPV,405,1.6 HDi 16V 4x4,66,9HX
1161,4,0375J3,9,Turbina PEUGEOT PARTNER Box Body/MPV 1.6 HDi 80 CP - Recondiţionată,PEUGEOT,84,PARTNER Box Body/MPV,407,1.6 HDi,80,9HZ
1162,4,0375J3,9,Turbina PEUGEOT PARTNER Box Body/MPV 1.6 HDi 16V 66 CP - Recondiţionată,PEUGEOT,84,PARTNER Box Body/MPV,409,1.6 HDi 16V,66,9HS
1162,4,0375J3,9,Turbina PEUGEOT PARTNER Box Body/MPV 1.6 HDi 16V 66 CP - Recondiţionată,PEUGEOT,84,PARTNER Box Body/MPV,408,1.6 HDi 16V,66,9HX
1163,4,0375J3,9,Turbina PEUGEOT PARTNER Platform/Chassis 1.6 HDi 16V 66 CP - Recondiţionată,PEUGEOT,85,PARTNER Platform/Chassis,411,1.6 HDi 16V,66,9HS
1163,4,0375J3,9,Turbina PEUGEOT PARTNER Platform/Chassis 1.6 HDi 16V 66 CP - Recondiţionată,PEUGEOT,85,PARTNER Platform/Chassis,410,1.6 HDi 16V,66,9HX
1164,4,0375J3,9,Turbina PEUGEOT PARTNER TEPEE 1.6 HDi 16V 66 CP - Recondiţionată,PEUGEOT,86,PARTNER TEPEE,412,1.6 HDi 16V,66,9HV
1165,4,0375J3,9,Turbina PEUGEOT PARTNER TEPEE 1.6 HDi 80 CP - Recondiţionată,PEUGEOT,86,PARTNER TEPEE,413,1.6 HDi,80,9HZ
1166,5,55188334,10,Turbina FIAT CROMA 1.9 D Multijet 88 CP - Recondiţionată,FIAT,87,CROMA,414,1.9 D Multijet,88,939 A1.000
1167,5,55188334,11,Turbina OPEL ASTRA H Estate Van 1.9 CDTI 74 CP - Recondiţionată,OPEL,88,ASTRA H Estate Van,415,1.9 CDTI,74,Z 19 DTL
1168,5,55188334,11,Turbina OPEL ZAFIRA / ZAFIRA FAMILY B 1.9 CDTI 88 CP - Recondiţionată,OPEL,89,ZAFIRA / ZAFIRA FAMILY B,416,1.9 CDTI,88,Z 19 DT
1169,5,55188334,11,Turbina OPEL ZAFIRA B Box Body/MPV 1.9 CDTI VAN 88 CP - Recondiţionată,OPEL,90,ZAFIRA B Box Body/MPV,417,1.9 CDTI VAN,88,Z 19 DT
1170,5,55188334,12,Turbina SAAB 9-Seria 3 Cabrio 1.9 TiD 88 CP - Recondiţionată,SAAB,91,9-Seria 3 Cabrio,418,1.9 TiD,88,Z 19 DT
1171,5,55188334,12,Turbina SAAB 9-3 Estate 1.9 TiD 88 CP - Recondiţionată,SAAB,92,9-3 Estate,419,1.9 TiD,88,Z 19 DT
1172,6,03L253010G,1,Turbina AUDI A3 2.0 TDI 16V 103 CP - Recondiţionată,Audi,2,A3,423,2.0 TDI 16V,103,BKD
1172,6,03L253010G,1,Turbina AUDI A3 2.0 TDI 16V 103 CP - Recondiţionată,Audi,2,A3,424,2.0 TDI 16V,103,CBAB
1172,6,03L253010G,1,Turbina AUDI A3 2.0 TDI 16V 103 CP - Recondiţionată,Audi,2,A3,420,2.0 TDI 16V,103,CBEA
1172,6,03L253010G,1,Turbina AUDI A3 2.0 TDI 16V 103 CP - Recondiţionată,Audi,2,A3,422,2.0 TDI 16V,103,CFFB
1172,6,03L253010G,1,Turbina AUDI A3 2.0 TDI 16V 103 CP - Recondiţionată,Audi,2,A3,421,2.0 TDI 16V,103,CLJA
1173,6,03L253010G,1,Turbina AUDI A3 2.0 TDI 16V quattro 103 CP - Recondiţionată,Audi,2,A3,426,2.0 TDI 16V quattro,103,BKD
1173,6,03L253010G,1,Turbina AUDI A3 2.0 TDI 16V quattro 103 CP - Recondiţionată,Audi,2,A3,427,2.0 TDI 16V quattro,103,CBAB
1173,6,03L253010G,1,Turbina AUDI A3 2.0 TDI 16V quattro 103 CP - Recondiţionată,Audi,2,A3,425,2.0 TDI 16V quattro,103,CFFB
1174,6,03L253010G,1,Turbina AUDI A3 2.0 TDI 100 CP - Recondiţionată,Audi,2,A3,428,2.0 TDI,100,AZV
1174,6,03L253010G,1,Turbina AUDI A3 2.0 TDI 100 CP - Recondiţionată,Audi,2,A3,430,2.0 TDI,100,CBAA
1174,6,03L253010G,1,Turbina AUDI A3 2.0 TDI 100 CP - Recondiţionată,Audi,2,A3,429,2.0 TDI,100,CFFA
1175,6,03L253010G,1,Turbina AUDI ASeria 3 Cabrio 2.0 TDI 100 CP - Recondiţionată,Audi,3,ASeria 3 Cabrio,432,2.0 TDI,100,CBAA
1175,6,03L253010G,1,Turbina AUDI ASeria 3 Cabrio 2.0 TDI 100 CP - Recondiţionată,Audi,3,ASeria 3 Cabrio,431,2.0 TDI,100,CFFA
1176,6,03L253010G,1,Turbina AUDI ASeria 3 Cabrio 2.0 TDI 103 CP - Recondiţionată,Audi,3,ASeria 3 Cabrio,434,2.0 TDI,103,CBAB
1176,6,03L253010G,1,Turbina AUDI ASeria 3 Cabrio 2.0 TDI 103 CP - Recondiţionată,Audi,3,ASeria 3 Cabrio,433,2.0 TDI,103,CFFB
1177,6,03L253010G,1,Turbina AUDI A3 Sportback 2.0 TDI 16V quattro 103 CP - Recondiţionată,Audi,5,A3 Sportback,436,2.0 TDI 16V quattro,103,BKD
1177,6,03L253010G,1,Turbina AUDI A3 Sportback 2.0 TDI 16V quattro 103 CP - Recondiţionată,Audi,5,A3 Sportback,437,2.0 TDI 16V quattro,103,CBAB
1177,6,03L253010G,1,Turbina AUDI A3 Sportback 2.0 TDI 16V quattro 103 CP - Recondiţionată,Audi,5,A3 Sportback,435,2.0 TDI 16V quattro,103,CFFB
1178,6,03L253010G,1,Turbina AUDI A3 Sportback 2.0 TDI 16V 103 CP - Recondiţionată,Audi,5,A3 Sportback,441,2.0 TDI 16V,103,BKD
1178,6,03L253010G,1,Turbina AUDI A3 Sportback 2.0 TDI 16V 103 CP - Recondiţionată,Audi,5,A3 Sportback,442,2.0 TDI 16V,103,CBAB
1178,6,03L253010G,1,Turbina AUDI A3 Sportback 2.0 TDI 16V 103 CP - Recondiţionată,Audi,5,A3 Sportback,438,2.0 TDI 16V,103,CBEA
1178,6,03L253010G,1,Turbina AUDI A3 Sportback 2.0 TDI 16V 103 CP - Recondiţionată,Audi,5,A3 Sportback,440,2.0 TDI 16V,103,CFFB
1178,6,03L253010G,1,Turbina AUDI A3 Sportback 2.0 TDI 16V 103 CP - Recondiţionată,Audi,5,A3 Sportback,439,2.0 TDI 16V,103,CLJA
1179,6,03L253010G,1,Turbina AUDI A3 Sportback 2.0 TDI 100 CP - Recondiţionată,Audi,5,A3 Sportback,443,2.0 TDI,100,AZV
1179,6,03L253010G,1,Turbina AUDI A3 Sportback 2.0 TDI 100 CP - Recondiţionată,Audi,5,A3 Sportback,445,2.0 TDI,100,CBAA
1179,6,03L253010G,1,Turbina AUDI A3 Sportback 2.0 TDI 100 CP - Recondiţionată,Audi,5,A3 Sportback,444,2.0 TDI,100,CFFA
1180,6,03L253010G,1,Turbina AUDI Q3 2.0 TDI 100 CP - Recondiţionată,Audi,7,Q3,56,2.0 TDI,100,CFFA
1180,6,03L253010G,1,Turbina AUDI Q3 2.0 TDI 100 CP - Recondiţionată,Audi,7,Q3,55,2.0 TDI,100,CUVB
1180,6,03L253010G,1,Turbina AUDI Q3 2.0 TDI 100 CP - Recondiţionată,Audi,7,Q3,54,2.0 TDI,100,DFTB
1181,6,03L253010G,1,Turbina AUDI Q3 2.0 TDI quattro 103 CP - Recondiţionată,Audi,7,Q3,446,2.0 TDI quattro,103,CFFB
1182,6,03L253010G,1,Turbina AUDI Q3 2.0 TDI 103 CP - Recondiţionată,Audi,7,Q3,448,2.0 TDI,103,CFFB
1182,6,03L253010G,1,Turbina AUDI Q3 2.0 TDI 103 CP - Recondiţionată,Audi,7,Q3,447,2.0 TDI,103,CLJA
1183,6,03L253010G,2,Turbina SEAT ALHAMBRA 2.0 TDI 4Drive 103 CP - Recondiţionată,SEAT,9,ALHAMBRA,449,2.0 TDI 4Drive,103,CFFB
1184,6,03L253010G,2,Turbina SEAT ALHAMBRA 2.0 TDI 100 CP - Recondiţionată,SEAT,9,ALHAMBRA,450,2.0 TDI,100,CFFA
1185,6,03L253010G,2,Turbina SEAT ALHAMBRA 2.0 TDI 103 CP - Recondiţionată,SEAT,9,ALHAMBRA,451,2.0 TDI,103,CFFB
1186,6,03L253010G,2,Turbina SEAT ALHAMBRA 2.0 TDI 85 CP - Recondiţionată,SEAT,9,ALHAMBRA,82,2.0 TDI,85,CFFE
1186,6,03L253010G,2,Turbina SEAT ALHAMBRA 2.0 TDI 85 CP - Recondiţionată,SEAT,9,ALHAMBRA,83,2.0 TDI,85,CUVA
1186,6,03L253010G,2,Turbina SEAT ALHAMBRA 2.0 TDI 85 CP - Recondiţionată,SEAT,9,ALHAMBRA,85,2.0 TDI,85,DFLD
1186,6,03L253010G,2,Turbina SEAT ALHAMBRA 2.0 TDI 85 CP - Recondiţionată,SEAT,9,ALHAMBRA,84,2.0 TDI,85,DLTC
1187,6,03L253010G,2,Turbina SEAT ALTEA 2.0 TDI 16V 103 CP - Recondiţionată,SEAT,93,ALTEA,453,2.0 TDI 16V,103,BKD
1187,6,03L253010G,2,Turbina SEAT ALTEA 2.0 TDI 16V 103 CP - Recondiţionată,SEAT,93,ALTEA,452,2.0 TDI 16V,103,CFHC
1188,6,03L253010G,2,Turbina SEAT ALTEA XL 2.0 TDI 16V 103 CP - Recondiţionată,SEAT,94,ALTEA XL,455,2.0 TDI 16V,103,BKD
1188,6,03L253010G,2,Turbina SEAT ALTEA XL 2.0 TDI 16V 103 CP - Recondiţionată,SEAT,94,ALTEA XL,454,2.0 TDI 16V,103,CFHC
1189,6,03L253010G,2,Turbina SEAT ALTEA XL 2.0 TDI 16V 4x4 103 CP - Recondiţionată,SEAT,94,ALTEA XL,456,2.0 TDI 16V 4x4,103,CFHC
1190,6,03L253010G,2,Turbina SEAT LEON 2.0 TDI 16V 103 CP - Recondiţionată,SEAT,12,LEON,459,2.0 TDI 16V,103,BKD
1190,6,03L253010G,2,Turbina SEAT LEON 2.0 TDI 16V 103 CP - Recondiţionată,SEAT,12,LEON,458,2.0 TDI 16V,103,CFHC
1190,6,03L253010G,2,Turbina SEAT LEON 2.0 TDI 16V 103 CP - Recondiţionată,SEAT,12,LEON,457,2.0 TDI 16V,103,CLCB
1191,6,03L253010G,3,Turbina SKODA OCTAVIA II 2.0 TDI 81 CP - Recondiţionată,SKODA,95,OCTAVIA II,460,2.0 TDI,81,CFHF
1191,6,03L253010G,3,Turbina SKODA OCTAVIA II 2.0 TDI 81 CP - Recondiţionată,SKODA,95,OCTAVIA II,461,2.0 TDI,81,CLCA
1192,6,03L253010G,3,Turbina SKODA OCTAVIA II 2.0 TDI 16V 103 CP - Recondiţionată,SKODA,95,OCTAVIA II,462,2.0 TDI 16V,103,BKD
1192,6,03L253010G,3,Turbina SKODA OCTAVIA II 2.0 TDI 16V 103 CP - Recondiţionată,SKODA,95,OCTAVIA II,464,2.0 TDI 16V,103,CFHC
1192,6,03L253010G,3,Turbina SKODA OCTAVIA II 2.0 TDI 16V 103 CP - Recondiţionată,SKODA,95,OCTAVIA II,463,2.0 TDI 16V,103,CLCB
1193,6,03L253010G,3,Turbina SKODA OCTAVIA II Combi 2.0 TDI 81 CP - Recondiţionată,SKODA,96,OCTAVIA II Combi,465,2.0 TDI,81,CFHF
1193,6,03L253010G,3,Turbina SKODA OCTAVIA II Combi 2.0 TDI 81 CP - Recondiţionată,SKODA,96,OCTAVIA II Combi,466,2.0 TDI,81,CLCA
1194,6,03L253010G,3,Turbina SKODA OCTAVIA II Combi 2.0 TDI 16V 103 CP - Recondiţionată,SKODA,96,OCTAVIA II Combi,467,2.0 TDI 16V,103,BKD
1194,6,03L253010G,3,Turbina SKODA OCTAVIA II Combi 2.0 TDI 16V 103 CP - Recondiţionată,SKODA,96,OCTAVIA II Combi,469,2.0 TDI 16V,103,CFHC
1194,6,03L253010G,3,Turbina SKODA OCTAVIA II Combi 2.0 TDI 16V 103 CP - Recondiţionată,SKODA,96,OCTAVIA II Combi,468,2.0 TDI 16V,103,CLCB
1195,6,03L253010G,3,Turbina SKODA OCTAVIA II Combi 2.0 TDI 16V 4x4 103 CP - Recondiţionată,SKODA,96,OCTAVIA II Combi,471,2.0 TDI 16V 4x4,103,BKD
1195,6,03L253010G,3,Turbina SKODA OCTAVIA II Combi 2.0 TDI 16V 4x4 103 CP - Recondiţionată,SKODA,96,OCTAVIA II Combi,470,2.0 TDI 16V 4x4,103,CFHC
1195,6,03L253010G,3,Turbina SKODA OCTAVIA II Combi 2.0 TDI 16V 4x4 103 CP - Recondiţionată,SKODA,96,OCTAVIA II Combi,472,2.0 TDI 16V 4x4,103,CLCB
1196,6,03L253010G,3,Turbina SKODA OCTAVIA II Combi 2.0 TDI 4x4 81 CP - Recondiţionată,SKODA,96,OCTAVIA II Combi,473,2.0 TDI 4x4,81,CFHF
1197,6,03L253010G,3,Turbina SKODA SUPERB II 2.0 TDI 16V 4x4 103 CP - Recondiţionată,SKODA,97,SUPERB II,474,2.0 TDI 16V 4x4,103,CFFB
1198,6,03L253010G,3,Turbina SKODA SUPERB II 2.0 TDI 16V 103 CP - Recondiţionată,SKODA,97,SUPERB II,475,2.0 TDI 16V,103,BKD
1198,6,03L253010G,3,Turbina SKODA SUPERB II 2.0 TDI 16V 103 CP - Recondiţionată,SKODA,97,SUPERB II,476,2.0 TDI 16V,103,CFFB
1198,6,03L253010G,3,Turbina SKODA SUPERB II 2.0 TDI 16V 103 CP - Recondiţionată,SKODA,97,SUPERB II,477,2.0 TDI 16V,103,CLJA
1199,6,03L253010G,3,Turbina SKODA SUPERB II Estate 2.0 TDI 16V 4x4 103 CP - Recondiţionată,SKODA,98,SUPERB II Estate,478,2.0 TDI 16V 4x4,103,CFFB
1200,6,03L253010G,3,Turbina SKODA SUPERB II Estate 2.0 TDI 16V 103 CP - Recondiţionată,SKODA,98,SUPERB II Estate,479,2.0 TDI 16V,103,BKD
1200,6,03L253010G,3,Turbina SKODA SUPERB II Estate 2.0 TDI 16V 103 CP - Recondiţionată,SKODA,98,SUPERB II Estate,480,2.0 TDI 16V,103,CFFB
1200,6,03L253010G,3,Turbina SKODA SUPERB II Estate 2.0 TDI 16V 103 CP - Recondiţionată,SKODA,98,SUPERB II Estate,481,2.0 TDI 16V,103,CLJA
1201,6,03L253010G,3,Turbina SKODA YETI 2.0 TDI 4x4 103 CP - Recondiţionată,SKODA,99,YETI,482,2.0 TDI 4x4,103,CBDB
1201,6,03L253010G,3,Turbina SKODA YETI 2.0 TDI 4x4 103 CP - Recondiţionată,SKODA,99,YETI,484,2.0 TDI 4x4,103,CFHC
1201,6,03L253010G,3,Turbina SKODA YETI 2.0 TDI 4x4 103 CP - Recondiţionată,SKODA,99,YETI,483,2.0 TDI 4x4,103,CLCB
1202,6,03L253010G,3,Turbina SKODA YETI 2.0 TDI 4x4 81 CP - Recondiţionată,SKODA,99,YETI,487,2.0 TDI 4x4,81,CFHF
1202,6,03L253010G,3,Turbina SKODA YETI 2.0 TDI 4x4 81 CP - Recondiţionată,SKODA,99,YETI,485,2.0 TDI 4x4,81,CUUA
1202,6,03L253010G,3,Turbina SKODA YETI 2.0 TDI 4x4 81 CP - Recondiţionată,SKODA,99,YETI,486,2.0 TDI 4x4,81,DFSA
1203,6,03L253010G,3,Turbina SKODA YETI 2.0 TDI 103 CP - Recondiţionată,SKODA,99,YETI,488,2.0 TDI,103,CFHC
1203,6,03L253010G,3,Turbina SKODA YETI 2.0 TDI 103 CP - Recondiţionată,SKODA,99,YETI,489,2.0 TDI,103,CLCB
1204,6,03L253010G,3,Turbina SKODA YETI 2.0 TDI 81 CP - Recondiţionată,SKODA,99,YETI,491,2.0 TDI,81,CFHA
1204,6,03L253010G,3,Turbina SKODA YETI 2.0 TDI 81 CP - Recondiţionată,SKODA,99,YETI,493,2.0 TDI,81,CLCA
1204,6,03L253010G,3,Turbina SKODA YETI 2.0 TDI 81 CP - Recondiţionată,SKODA,99,YETI,490,2.0 TDI,81,CUUA
1204,6,03L253010G,3,Turbina SKODA YETI 2.0 TDI 81 CP - Recondiţionată,SKODA,99,YETI,492,2.0 TDI,81,DFSA
1205,6,03L253010G,4,Turbina VW BEETLE 2.0 TDI 103 CP - Recondiţionată,VW,100,BEETLE,495,2.0 TDI,103,CFFB
1205,6,03L253010G,4,Turbina VW BEETLE 2.0 TDI 103 CP - Recondiţionată,VW,100,BEETLE,494,2.0 TDI,103,CJAA
1206,6,03L253010G,4,Turbina VW BEETLE Cabrio 2.0 TDI 103 CP - Recondiţionată,VW,101,BEETLE Cabrio,497,2.0 TDI,103,CFFB
1206,6,03L253010G,4,Turbina VW BEETLE Cabrio 2.0 TDI 103 CP - Recondiţionată,VW,101,BEETLE Cabrio,496,2.0 TDI,103,CJAA
1207,6,03L253010G,4,Turbina VW CADDY ALLTRACK IV Box Body/MPV 2.0 TDI 103 CP - Recondiţionată,VW,102,CADDY ALLTRACK IV Box Body/MPV,498,2.0 TDI,103,CFHC
1207,6,03L253010G,4,Turbina VW CADDY ALLTRACK IV Box Body/MPV 2.0 TDI 103 CP - Recondiţionată,VW,102,CADDY ALLTRACK IV Box Body/MPV,499,2.0 TDI,103,CLCB
1208,6,03L253010G,4,Turbina VW CADDY ALLTRACK IV Box Body/MPV 2.0 TDI 4motion 103 CP - Recondiţionată,VW,102,CADDY ALLTRACK IV Box Body/MPV,500,2.0 TDI 4motion,103,CFHC
1209,6,03L253010G,4,Turbina VW CADDY ALLTRACK IV Box Body/MPV 2.0 TDI 81 CP - Recondiţionată,VW,102,CADDY ALLTRACK IV Box Body/MPV,501,2.0 TDI,81,CLCA
1210,6,03L253010G,4,Turbina VW CADDY ALLTRACK IV Box Body/MPV 2.0 TDI 4motion 81 CP - Recondiţionată,VW,102,CADDY ALLTRACK IV Box Body/MPV,502,2.0 TDI 4motion,81,CFHF
1211,6,03L253010G,4,Turbina VW CADDY ALLTRACK IV MPV 2.0 TDI 4motion 81 CP - Recondiţionată,VW,103,CADDY ALLTRACK IV MPV,503,2.0 TDI 4motion,81,CFHF
1211,6,03L253010G,4,Turbina VW CADDY ALLTRACK IV MPV 2.0 TDI 4motion 81 CP - Recondiţionată,VW,103,CADDY ALLTRACK IV MPV,504,2.0 TDI 4motion,81,CLCA
1212,6,03L253010G,4,Turbina VW CADDY ALLTRACK IV MPV 2.0 TDI 4motion 103 CP - Recondiţionată,VW,103,CADDY ALLTRACK IV MPV,505,2.0 TDI 4motion,103,CFHC
1213,6,03L253010G,4,Turbina VW CADDY ALLTRACK IV MPV 2.0 TDI 103 CP - Recondiţionată,VW,103,CADDY ALLTRACK IV MPV,506,2.0 TDI,103,CFHC
1213,6,03L253010G,4,Turbina VW CADDY ALLTRACK IV MPV 2.0 TDI 103 CP - Recondiţionată,VW,103,CADDY ALLTRACK IV MPV,507,2.0 TDI,103,CLCB
1214,6,03L253010G,4,Turbina VW CADDY III Box Body/MPV 2.0 TDI 16V 103 CP - Recondiţionată,VW,104,CADDY III Box Body/MPV,509,2.0 TDI 16V,103,CFHC
1214,6,03L253010G,4,Turbina VW CADDY III Box Body/MPV 2.0 TDI 16V 103 CP - Recondiţionată,VW,104,CADDY III Box Body/MPV,508,2.0 TDI 16V,103,CLCB
1215,6,03L253010G,4,Turbina VW CADDY III Box Body/MPV 2.0 TDI 62 CP - Recondiţionată,VW,104,CADDY III Box Body/MPV,510,2.0 TDI,62,CFHE
1216,6,03L253010G,4,Turbina VW CADDY III Box Body/MPV 2.0 TDI 4motion 81 CP - Recondiţionată,VW,104,CADDY III Box Body/MPV,511,2.0 TDI 4motion,81,CFHF
1217,6,03L253010G,4,Turbina VW CADDY III Box Body/MPV 2.0 TDI 81 CP - Recondiţionată,VW,104,CADDY III Box Body/MPV,512,2.0 TDI,81,CLCA
1218,6,03L253010G,4,Turbina VW CADDY III Box Body/MPV 2.0 TDI 16V 4motion 103 CP - Recondiţionată,VW,104,CADDY III Box Body/MPV,513,2.0 TDI 16V 4motion,103,CFHC
1219,6,03L253010G,4,Turbina VW CADDY III Box Body/MPV 2.0 TDI 4motion 62 CP - Recondiţionată,VW,104,CADDY III Box Body/MPV,514,2.0 TDI 4motion,62,CFHE
1220,6,03L253010G,4,Turbina VW CADDY III MPV 2.0 TDI 4motion 81 CP - Recondiţionată,VW,105,CADDY III MPV,515,2.0 TDI 4motion,81,CFHF
1221,6,03L253010G,4,Turbina VW CADDY III MPV 2.0 TDI 16V 103 CP - Recondiţionată,VW,105,CADDY III MPV,517,2.0 TDI 16V,103,CFHC
1221,6,03L253010G,4,Turbina VW CADDY III MPV 2.0 TDI 16V 103 CP - Recondiţionată,VW,105,CADDY III MPV,516,2.0 TDI 16V,103,CLCB
1222,6,03L253010G,4,Turbina VW CADDY III MPV 2.0 TDI 81 CP - Recondiţionată,VW,105,CADDY III MPV,518,2.0 TDI,81,CLCA
1223,6,03L253010G,4,Turbina VW CADDY III MPV 2.0 TDI 16V 4motion 103 CP - Recondiţionată,VW,105,CADDY III MPV,519,2.0 TDI 16V 4motion,103,CFHC
1224,6,03L253010G,4,Turbina VW CADDY IV Box Body/MPV 2.0 TDI 4motion 81 CP - Recondiţionată,VW,106,CADDY IV Box Body/MPV,520,2.0 TDI 4motion,81,CFHF
1224,6,03L253010G,4,Turbina VW CADDY IV Box Body/MPV 2.0 TDI 4motion 81 CP - Recondiţionată,VW,106,CADDY IV Box Body/MPV,521,2.0 TDI 4motion,81,CLCA
1225,6,03L253010G,4,Turbina VW CADDY IV Box Body/MPV 2.0 TDI 4motion 103 CP - Recondiţionată,VW,106,CADDY IV Box Body/MPV,522,2.0 TDI 4motion,103,CFHC
1226,6,03L253010G,4,Turbina VW CADDY IV Box Body/MPV 2.0 TDI 103 CP - Recondiţionată,VW,106,CADDY IV Box Body/MPV,524,2.0 TDI,103,CFHC
1226,6,03L253010G,4,Turbina VW CADDY IV Box Body/MPV 2.0 TDI 103 CP - Recondiţionată,VW,106,CADDY IV Box Body/MPV,523,2.0 TDI,103,CLCB
1227,6,03L253010G,4,Turbina VW CADDY IV MPV 2.0 TDI 4motion 103 CP - Recondiţionată,VW,107,CADDY IV MPV,525,2.0 TDI 4motion,103,CFHC
1228,6,03L253010G,4,Turbina VW CADDY IV MPV 2.0 TDI 103 CP - Recondiţionată,VW,107,CADDY IV MPV,527,2.0 TDI,103,CFHC
1228,6,03L253010G,4,Turbina VW CADDY IV MPV 2.0 TDI 103 CP - Recondiţionată,VW,107,CADDY IV MPV,526,2.0 TDI,103,CLCB
1229,6,03L253010G,4,Turbina VW CADDY IV MPV 2.0 TDI 4motion 81 CP - Recondiţionată,VW,107,CADDY IV MPV,528,2.0 TDI 4motion,81,CFHF
1229,6,03L253010G,4,Turbina VW CADDY IV MPV 2.0 TDI 4motion 81 CP - Recondiţionată,VW,107,CADDY IV MPV,529,2.0 TDI 4motion,81,CLCA
1230,6,03L253010G,4,Turbina VW CC B7 2.0 TDI 4motion 103 CP - Recondiţionată,VW,108,CC B7,530,2.0 TDI 4motion,103,CFFB
1231,6,03L253010G,4,Turbina VW CC B7 2.0 TDI 103 CP - Recondiţionată,VW,108,CC B7,531,2.0 TDI,103,CFFB
1232,6,03L253010G,4,Turbina VW CC B7 2.0 TDI 100 CP - Recondiţionată,VW,108,CC B7,532,2.0 TDI,100,CFFA
1233,6,03L253010G,4,Turbina VW EOS 2.0 TDI 16V 103 CP - Recondiţionată,VW,109,EOS,533,2.0 TDI 16V,103,CBAB
1233,6,03L253010G,4,Turbina VW EOS 2.0 TDI 16V 103 CP - Recondiţionată,VW,109,EOS,534,2.0 TDI 16V,103,CFFB
1234,6,03L253010G,4,Turbina VW EOS 2.0 TDI 100 CP - Recondiţionată,VW,109,EOS,535,2.0 TDI,100,CFFA
1235,6,03L253010G,4,Turbina VW GOLF PLUS V 2.0 TDI 100 CP - Recondiţionată,VW,110,GOLF PLUS V,537,2.0 TDI,100,AZV
1235,6,03L253010G,4,Turbina VW GOLF PLUS V 2.0 TDI 100 CP - Recondiţionată,VW,110,GOLF PLUS V,538,2.0 TDI,100,CBDA
1235,6,03L253010G,4,Turbina VW GOLF PLUS V 2.0 TDI 100 CP - Recondiţionată,VW,110,GOLF PLUS V,536,2.0 TDI,100,CFHB
1236,6,03L253010G,4,Turbina VW GOLF PLUS V 2.0 TDI 81 CP - Recondiţionată,VW,110,GOLF PLUS V,540,2.0 TDI,81,CBDC
1236,6,03L253010G,4,Turbina VW GOLF PLUS V 2.0 TDI 81 CP - Recondiţionată,VW,110,GOLF PLUS V,539,2.0 TDI,81,CLCA
1237,6,03L253010G,4,Turbina VW GOLF PLUS V 2.0 TDI 16V 103 CP - Recondiţionată,VW,110,GOLF PLUS V,541,2.0 TDI 16V,103,BKD
1237,6,03L253010G,4,Turbina VW GOLF PLUS V 2.0 TDI 16V 103 CP - Recondiţionată,VW,110,GOLF PLUS V,542,2.0 TDI 16V,103,CBDB
1237,6,03L253010G,4,Turbina VW GOLF PLUS V 2.0 TDI 16V 103 CP - Recondiţionată,VW,110,GOLF PLUS V,543,2.0 TDI 16V,103,CFHC
1238,6,03L253010G,4,Turbina VW GOLF PLUS Van 2.0 TDi 103 CP - Recondiţionată,VW,111,GOLF PLUS Van,544,2.0 TDi,103,CFHC
1239,6,03L253010G,4,Turbina VW GOLF VAN VI Variant 2.0 TDi 103 CP - Recondiţionată,VW,112,GOLF VAN VI Variant,545,2.0 TDi,103,CBDB
1239,6,03L253010G,4,Turbina VW GOLF VAN VI Variant 2.0 TDi 103 CP - Recondiţionată,VW,112,GOLF VAN VI Variant,546,2.0 TDi,103,CFHC
1240,6,03L253010G,4,Turbina VW GOLF VI 2.0 TDI 100 CP - Recondiţionată,VW,113,GOLF VI,548,2.0 TDI,100,CBAA
1240,6,03L253010G,4,Turbina VW GOLF VI 2.0 TDI 100 CP - Recondiţionată,VW,113,GOLF VI,547,2.0 TDI,100,CFFA
1241,6,03L253010G,4,Turbina VW GOLF VI 2.0 TDI 4motion 103 CP - Recondiţionată,VW,113,GOLF VI,549,2.0 TDI 4motion,103,CBAB
1241,6,03L253010G,4,Turbina VW GOLF VI 2.0 TDI 4motion 103 CP - Recondiţionată,VW,113,GOLF VI,550,2.0 TDI 4motion,103,CFFB
1242,6,03L253010G,4,Turbina VW GOLF VI 2.0 TDI 81 CP - Recondiţionată,VW,113,GOLF VI,552,2.0 TDI,81,CBDC
1242,6,03L253010G,4,Turbina VW GOLF VI 2.0 TDI 81 CP - Recondiţionată,VW,113,GOLF VI,551,2.0 TDI,81,CLCA
1243,6,03L253010G,4,Turbina VW GOLF VI 2.0 TDI 103 CP - Recondiţionată,VW,113,GOLF VI,554,2.0 TDI,103,CBAB
1243,6,03L253010G,4,Turbina VW GOLF VI 2.0 TDI 103 CP - Recondiţionată,VW,113,GOLF VI,555,2.0 TDI,103,CFFB
1243,6,03L253010G,4,Turbina VW GOLF VI 2.0 TDI 103 CP - Recondiţionată,VW,113,GOLF VI,553,2.0 TDI,103,CJAA
1244,6,03L253010G,4,Turbina VW GOLF VI Cabrio 2.0 TDI 103 CP - Recondiţionată,VW,114,GOLF VI Cabrio,556,2.0 TDI,103,CFHC
1245,6,03L253010G,4,Turbina VW GOLF VI Van 2.0 TDi 103 CP - Recondiţionată,VW,115,GOLF VI Van,557,2.0 TDi,103,CFFB
1245,6,03L253010G,4,Turbina VW GOLF VI Van 2.0 TDi 103 CP - Recondiţionată,VW,115,GOLF VI Van,558,2.0 TDi,103,CJAA
1246,6,03L253010G,4,Turbina VW GOLF VI Variant 2.0 TDI 103 CP - Recondiţionată,VW,116,GOLF VI Variant,560,2.0 TDI,103,CBDB
1246,6,03L253010G,4,Turbina VW GOLF VI Variant 2.0 TDI 103 CP - Recondiţionată,VW,116,GOLF VI Variant,561,2.0 TDI,103,CFHC
1246,6,03L253010G,4,Turbina VW GOLF VI Variant 2.0 TDI 103 CP - Recondiţionată,VW,116,GOLF VI Variant,559,2.0 TDI,103,CJAA
1247,6,03L253010G,4,Turbina VW GOLF VI Variant 2.0 TDI 100 CP - Recondiţionată,VW,116,GOLF VI Variant,562,2.0 TDI,100,CBDA
1247,6,03L253010G,4,Turbina VW GOLF VI Variant 2.0 TDI 100 CP - Recondiţionată,VW,116,GOLF VI Variant,563,2.0 TDI,100,CFHB
1248,6,03L253010G,4,Turbina VW GOLF VI Variant 2.0 TDI 81 CP - Recondiţionată,VW,116,GOLF VI Variant,564,2.0 TDI,81,CLCA
1249,6,03L253010G,4,Turbina VW JETTA IV 2.0 TDI 103 CP - Recondiţionată,VW,117,JETTA IV,567,2.0 TDI,103,CFFB
1249,6,03L253010G,4,Turbina VW JETTA IV 2.0 TDI 103 CP - Recondiţionată,VW,117,JETTA IV,568,2.0 TDI,103,CFHC
1249,6,03L253010G,4,Turbina VW JETTA IV 2.0 TDI 103 CP - Recondiţionată,VW,117,JETTA IV,566,2.0 TDI,103,CJAA
1249,6,03L253010G,4,Turbina VW JETTA IV 2.0 TDI 103 CP - Recondiţionată,VW,117,JETTA IV,565,2.0 TDI,103,CLCB
1250,6,03L253010G,4,Turbina VW JETTA IV 2.0 TDI 81 CP - Recondiţionată,VW,117,JETTA IV,570,2.0 TDI,81,CLCA
1250,6,03L253010G,4,Turbina VW JETTA IV 2.0 TDI 81 CP - Recondiţionată,VW,117,JETTA IV,569,2.0 TDI,81,CUUA
1251,6,03L253010G,4,Turbina VW PASSAT ALLTRACK B7 Variant 2.0 TDI 103 CP - Recondiţionată,VW,118,PASSAT ALLTRACK B7 Variant,571,2.0 TDI,103,CFFB
1252,6,03L253010G,4,Turbina VW PASSAT ALLTRACK B7 Variant 2.0 TDI 4motion 103 CP - Recondiţionată,VW,118,PASSAT ALLTRACK B7 Variant,572,2.0 TDI 4motion,103,CFFB
1253,6,03L253010G,4,Turbina VW PASSAT B7 2.0 TDI 103 CP - Recondiţionată,VW,119,PASSAT B7,573,2.0 TDI,103,CFFB
1254,6,03L253010G,4,Turbina VW PASSAT B7 2.0 TDI 100 CP - Recondiţionată,VW,119,PASSAT B7,574,2.0 TDI,100,CFFA
1255,6,03L253010G,4,Turbina VW PASSAT B7 2.0 TDI 4motion 103 CP - Recondiţionată,VW,119,PASSAT B7,575,2.0 TDI 4motion,103,CFFB
1256,6,03L253010G,4,Turbina VW PASSAT B7 Estate Van 2.0 TDI 103 CP - Recondiţionată,VW,120,PASSAT B7 Estate Van,576,2.0 TDI,103,CFFB
1257,6,03L253010G,4,Turbina VW PASSAT B7 Variant 2.0 TDI 103 CP - Recondiţionată,VW,121,PASSAT B7 Variant,577,2.0 TDI,103,CFFB
1258,6,03L253010G,4,Turbina VW PASSAT B7 Variant 2.0 TDI 100 CP - Recondiţionată,VW,121,PASSAT B7 Variant,578,2.0 TDI,100,CFFA
1259,6,03L253010G,4,Turbina VW PASSAT B7 Variant 2.0 TDI 4motion 103 CP - Recondiţionată,VW,121,PASSAT B7 Variant,579,2.0 TDI 4motion,103,CFFB
1260,6,03L253010G,4,Turbina VW PASSAT CC B6 2.0 TDI 4motion 103 CP - Recondiţionată,VW,122,PASSAT CC B6,580,2.0 TDI 4motion,103,CBAB
1260,6,03L253010G,4,Turbina VW PASSAT CC B6 2.0 TDI 4motion 103 CP - Recondiţionată,VW,122,PASSAT CC B6,581,2.0 TDI 4motion,103,CFFB
1261,6,03L253010G,4,Turbina VW PASSAT CC B6 2.0 TDI 103 CP - Recondiţionată,VW,122,PASSAT CC B6,582,2.0 TDI,103,CBAB
1261,6,03L253010G,4,Turbina VW PASSAT CC B6 2.0 TDI 103 CP - Recondiţionată,VW,122,PASSAT CC B6,583,2.0 TDI,103,CFFB
1262,6,03L253010G,4,Turbina VW PASSAT CC B6 2.0 TDI 100 CP - Recondiţionată,VW,122,PASSAT CC B6,585,2.0 TDI,100,CBAA
1262,6,03L253010G,4,Turbina VW PASSAT CC B6 2.0 TDI 100 CP - Recondiţionată,VW,122,PASSAT CC B6,584,2.0 TDI,100,CFFA
1263,6,03L253010G,4,Turbina VW SCIROCCO III 2.0 TDI 100 CP - Recondiţionată,VW,123,SCIROCCO III,586,2.0 TDI,100,CFHB
1264,6,03L253010G,4,Turbina VW SCIROCCO III 2.0 TDI 103 CP - Recondiţionată,VW,123,SCIROCCO III,587,2.0 TDI,103,CBDB
1264,6,03L253010G,4,Turbina VW SCIROCCO III 2.0 TDI 103 CP - Recondiţionată,VW,123,SCIROCCO III,588,2.0 TDI,103,CFHC
1265,6,03L253010G,4,Turbina VW SCIROCCO Van 2.0 TDi 103 CP - Recondiţionată,VW,124,SCIROCCO Van,589,2.0 TDi,103,CBDB
1265,6,03L253010G,4,Turbina VW SCIROCCO Van 2.0 TDi 103 CP - Recondiţionată,VW,124,SCIROCCO Van,590,2.0 TDi,103,CFHC
1266,6,03L253010G,4,Turbina VW SHARAN 2.0 TDI 103 CP - Recondiţionată,VW,33,SHARAN,591,2.0 TDI,103,CFFB
1267,6,03L253010G,4,Turbina VW SHARAN 2.0 TDI 100 CP - Recondiţionată,VW,33,SHARAN,592,2.0 TDI,100,CFFA
1268,6,03L253010G,4,Turbina VW SHARAN 2.0 TDI 4motion 103 CP - Recondiţionată,VW,33,SHARAN,593,2.0 TDI 4motion,103,CFFB
1269,6,03L253010G,4,Turbina VW SHARAN 2.0 TDI 85 CP - Recondiţionată,VW,33,SHARAN,265,2.0 TDI,85,CFFE
1269,6,03L253010G,4,Turbina VW SHARAN 2.0 TDI 85 CP - Recondiţionată,VW,33,SHARAN,264,2.0 TDI,85,CUVA
1269,6,03L253010G,4,Turbina VW SHARAN 2.0 TDI 85 CP - Recondiţionată,VW,33,SHARAN,263,2.0 TDI,85,DFLD
1269,6,03L253010G,4,Turbina VW SHARAN 2.0 TDI 85 CP - Recondiţionată,VW,33,SHARAN,266,2.0 TDI,85,DLTC
1270,6,03L253010G,4,Turbina VW SHARAN Box Body/MPV 2.0 TDI 103 CP - Recondiţionată,VW,125,SHARAN Box Body/MPV,594,2.0 TDI,103,CFFB
1271,6,03L253010G,4,Turbina VW SHARAN Box Body/MPV 2.0 TDI 85 CP - Recondiţionată,VW,125,SHARAN Box Body/MPV,595,2.0 TDI,85,CFFE
1272,6,03L253010G,4,Turbina VW SHARAN Box Body/MPV 2.0 TDI 100 CP - Recondiţionată,VW,125,SHARAN Box Body/MPV,596,2.0 TDI,100,CFFA
1273,6,03L253010G,4,Turbina VW TIGUAN 2.0 TDI 4motion 103 CP - Recondiţionată,VW,35,TIGUAN,598,2.0 TDI 4motion,103,CBAB
1273,6,03L253010G,4,Turbina VW TIGUAN 2.0 TDI 4motion 103 CP - Recondiţionată,VW,35,TIGUAN,599,2.0 TDI 4motion,103,CFFB
1273,6,03L253010G,4,Turbina VW TIGUAN 2.0 TDI 4motion 103 CP - Recondiţionată,VW,35,TIGUAN,597,2.0 TDI 4motion,103,CLJA
1274,6,03L253010G,4,Turbina VW TIGUAN 2.0 TDI 103 CP - Recondiţionată,VW,35,TIGUAN,600,2.0 TDI,103,CBAB
1274,6,03L253010G,4,Turbina VW TIGUAN 2.0 TDI 103 CP - Recondiţionată,VW,35,TIGUAN,601,2.0 TDI,103,CFFB
1275,6,03L253010G,4,Turbina VW TIGUAN 2.0 TDI 81 CP - Recondiţionată,VW,35,TIGUAN,277,2.0 TDI,81,CFFD
1275,6,03L253010G,4,Turbina VW TIGUAN 2.0 TDI 81 CP - Recondiţionată,VW,35,TIGUAN,276,2.0 TDI,81,CUVE
1276,6,03L253010G,4,Turbina VW TIGUAN 2.0 TDI 4motion 100 CP - Recondiţionată,VW,35,TIGUAN,603,2.0 TDI 4motion,100,CBAA
1276,6,03L253010G,4,Turbina VW TIGUAN 2.0 TDI 4motion 100 CP - Recondiţionată,VW,35,TIGUAN,602,2.0 TDI 4motion,100,CFFA
1277,6,03L253010G,4,Turbina VW TIGUAN VAN 2.0 TDI 81 CP - Recondiţionată,VW,126,TIGUAN VAN,604,2.0 TDI,81,CFFD
1278,6,03L253010G,4,Turbina VW TIGUAN VAN 2.0 TDI 4motion 103 CP - Recondiţionată,VW,126,TIGUAN VAN,605,2.0 TDI 4motion,103,CBAB
1278,6,03L253010G,4,Turbina VW TIGUAN VAN 2.0 TDI 4motion 103 CP - Recondiţionată,VW,126,TIGUAN VAN,606,2.0 TDI 4motion,103,CFFB
1278,6,03L253010G,4,Turbina VW TIGUAN VAN 2.0 TDI 4motion 103 CP - Recondiţionată,VW,126,TIGUAN VAN,607,2.0 TDI 4motion,103,CLJA
1279,6,03L253010G,4,Turbina VW TIGUAN VAN 2.0 TDI 103 CP - Recondiţionată,VW,126,TIGUAN VAN,608,2.0 TDI,103,CFFB
1280,6,03L253010G,4,Turbina VW TOURAN 2.0 TDI 81 CP - Recondiţionată,VW,37,TOURAN,610,2.0 TDI,81,CFHF
1280,6,03L253010G,4,Turbina VW TOURAN 2.0 TDI 81 CP - Recondiţionată,VW,37,TOURAN,609,2.0 TDI,81,CLCA
1281,6,03L253010G,4,Turbina VW TOURAN 2.0 TDI 103 CP - Recondiţionată,VW,37,TOURAN,611,2.0 TDI,103,CFHC
1282,6,03L253010G,4,Turbina VW TOURAN Box Body/MPV 2.0 TDI 103 CP - Recondiţionată,VW,127,TOURAN Box Body/MPV,612,2.0 TDI,103,CFHC
1283,7,720855-9007S,2,Turbina SEAT LEON 1.9 TDI 96 CP - Recondiţionată,SEAT,12,LEON,613,1.9 TDI,96,ASZ
1284,7,720855-9007S,2,Turbina SEAT TOLEDO II 1.9 TDI 96 CP - Recondiţionată,SEAT,128,TOLEDO II,614,1.9 TDI,96,ASZ
1285,7,720855-9007S,3,Turbina SKODA OCTAVIA I 1.9 TDI 96 CP - Recondiţionată,SKODA,129,OCTAVIA I,615,1.9 TDI,96,ASZ
1286,7,720855-9007S,3,Turbina SKODA OCTAVIA I Combi 1.9 TDI 96 CP - Recondiţionată,SKODA,130,OCTAVIA I Combi,616,1.9 TDI,96,ASZ
1287,7,720855-9007S,4,Turbina VW BORA I 1.9 TDI 96 CP - Recondiţionată,VW,131,BORA I,617,1.9 TDI,96,ASZ
1288,7,720855-9007S,4,Turbina VW BORA I 1.9 TDI 4motion 96 CP - Recondiţionată,VW,131,BORA I,618,1.9 TDI 4motion,96,ASZ
1289,7,720855-9007S,4,Turbina VW BORA Variant 1.9 TDI 4motion 96 CP - Recondiţionată,VW,132,BORA Variant,619,1.9 TDI 4motion,96,ASZ
1290,7,720855-9007S,4,Turbina VW BORA Variant 1.9 TDI 96 CP - Recondiţionată,VW,132,BORA Variant,620,1.9 TDI,96,ASZ
1291,7,720855-9007S,4,Turbina VW GOLF IV 1.9 TDI 4motion 96 CP - Recondiţionată,VW,133,GOLF IV,621,1.9 TDI 4motion,96,ASZ
1292,7,720855-9007S,4,Turbina VW GOLF IV 1.9 TDI 96 CP - Recondiţionată,VW,133,GOLF IV,622,1.9 TDI,96,ASZ
1293,7,720855-9007S,4,Turbina VW GOLF IV Van 1.9 TDI 96 CP - Recondiţionată,VW,134,GOLF IV Van,623,1.9 TDI,96,ASZ
1294,7,720855-9007S,4,Turbina VW GOLF IV Variant 1.9 TDI 96 CP - Recondiţionată,VW,135,GOLF IV Variant,624,1.9 TDI,96,ASZ
1295,7,720855-9007S,4,Turbina VW GOLF IV Variant 1.9 TDI 4motion 96 CP - Recondiţionată,VW,135,GOLF IV Variant,625,1.9 TDI 4motion,96,ASZ
1296,7,720855-9007S,4,Turbina VW GOLF VAN IV Variant 1.9 TDI 96 CP - Recondiţionată,VW,136,GOLF VAN IV Variant,626,1.9 TDI,96,ASZ
1297,7,720855-9007S,4,Turbina VW SHARAN 1.9 TDI 96 CP - Recondiţionată,VW,33,SHARAN,627,1.9 TDI,96,ASZ
1298,7,720855-9007S,4,Turbina VW SHARAN Box Body/MPV 1.9 TDI 96 CP - Recondiţionată,VW,125,SHARAN Box Body/MPV,628,1.9 TDI,96,ASZ
1299,8,03L253010EV,1,Turbina AUDI A3 2.0 TDI 125 CP - Recondiţionată,Audi,2,A3,629,2.0 TDI,125,BMN
1299,8,03L253010EV,1,Turbina AUDI A3 2.0 TDI 125 CP - Recondiţionată,Audi,2,A3,631,2.0 TDI,125,CBBB
1299,8,03L253010EV,1,Turbina AUDI A3 2.0 TDI 125 CP - Recondiţionată,Audi,2,A3,630,2.0 TDI,125,CFGB
1300,8,03L253010EV,1,Turbina AUDI A3 2.0 TDI quattro 125 CP - Recondiţionată,Audi,2,A3,633,2.0 TDI quattro,125,BMN
1300,8,03L253010EV,1,Turbina AUDI A3 2.0 TDI quattro 125 CP - Recondiţionată,Audi,2,A3,634,2.0 TDI quattro,125,CBBB
1300,8,03L253010EV,1,Turbina AUDI A3 2.0 TDI quattro 125 CP - Recondiţionată,Audi,2,A3,632,2.0 TDI quattro,125,CFGB
1301,8,03L253010EV,1,Turbina AUDI A3 Sportback 2.0 TDI quattro 125 CP - Recondiţionată,Audi,5,A3 Sportback,635,2.0 TDI quattro,125,BMN
1301,8,03L253010EV,1,Turbina AUDI A3 Sportback 2.0 TDI quattro 125 CP - Recondiţionată,Audi,5,A3 Sportback,637,2.0 TDI quattro,125,CBBB
1301,8,03L253010EV,1,Turbina AUDI A3 Sportback 2.0 TDI quattro 125 CP - Recondiţionată,Audi,5,A3 Sportback,636,2.0 TDI quattro,125,CFGB
1302,8,03L253010EV,1,Turbina AUDI A3 Sportback 2.0 TDI 125 CP - Recondiţionată,Audi,5,A3 Sportback,639,2.0 TDI,125,BMN
1302,8,03L253010EV,1,Turbina AUDI A3 Sportback 2.0 TDI 125 CP - Recondiţionată,Audi,5,A3 Sportback,640,2.0 TDI,125,CBBB
1302,8,03L253010EV,1,Turbina AUDI A3 Sportback 2.0 TDI 125 CP - Recondiţionată,Audi,5,A3 Sportback,638,2.0 TDI,125,CFGB
1303,8,03L253010EV,1,Turbina AUDI TT 2.0 TDI quattro 125 CP - Recondiţionată,Audi,137,TT,642,2.0 TDI quattro,125,CBBB
1303,8,03L253010EV,1,Turbina AUDI TT 2.0 TDI quattro 125 CP - Recondiţionată,Audi,137,TT,641,2.0 TDI quattro,125,CFGB
1304,8,03L253010EV,1,Turbina AUDI TT Roadster 2.0 TDI quattro 125 CP - Recondiţionată,Audi,138,TT Roadster,644,2.0 TDI quattro,125,CBBB
1304,8,03L253010EV,1,Turbina AUDI TT Roadster 2.0 TDI quattro 125 CP - Recondiţionată,Audi,138,TT Roadster,643,2.0 TDI quattro,125,CFGB
1305,8,03L253010EV,2,Turbina SEAT ALHAMBRA 2.0 TDI 125 CP - Recondiţionată,SEAT,9,ALHAMBRA,645,2.0 TDI,125,CFGB
1306,8,03L253010EV,2,Turbina SEAT ALTEA XL 2.0 TDI 4x4 125 CP - Recondiţionată,SEAT,94,ALTEA XL,646,2.0 TDI 4x4,125,BMN
1306,8,03L253010EV,2,Turbina SEAT ALTEA XL 2.0 TDI 4x4 125 CP - Recondiţionată,SEAT,94,ALTEA XL,648,2.0 TDI 4x4,125,CEGA
1306,8,03L253010EV,2,Turbina SEAT ALTEA XL 2.0 TDI 4x4 125 CP - Recondiţionată,SEAT,94,ALTEA XL,647,2.0 TDI 4x4,125,CFJA
1307,8,03L253010EV,2,Turbina SEAT LEON 2.0 TDI 125 CP - Recondiţionată,SEAT,12,LEON,649,2.0 TDI,125,BMN
1307,8,03L253010EV,2,Turbina SEAT LEON 2.0 TDI 125 CP - Recondiţionată,SEAT,12,LEON,651,2.0 TDI,125,CEGA
1307,8,03L253010EV,2,Turbina SEAT LEON 2.0 TDI 125 CP - Recondiţionată,SEAT,12,LEON,650,2.0 TDI,125,CFJA
1308,8,03L253010EV,3,Turbina SKODA SUPERB II 2.0 TDI 125 CP - Recondiţionată,SKODA,97,SUPERB II,653,2.0 TDI,125,CBBB
1308,8,03L253010EV,3,Turbina SKODA SUPERB II 2.0 TDI 125 CP - Recondiţionată,SKODA,97,SUPERB II,652,2.0 TDI,125,CFGB
1309,8,03L253010EV,3,Turbina SKODA SUPERB II 2.0 TDI 4x4 125 CP - Recondiţionată,SKODA,97,SUPERB II,655,2.0 TDI 4x4,125,CBBB
1309,8,03L253010EV,3,Turbina SKODA SUPERB II 2.0 TDI 4x4 125 CP - Recondiţionată,SKODA,97,SUPERB II,654,2.0 TDI 4x4,125,CFGB
1310,8,03L253010EV,3,Turbina SKODA SUPERB II Estate 2.0 TDI 4x4 125 CP - Recondiţionată,SKODA,98,SUPERB II Estate,657,2.0 TDI 4x4,125,CBBB
1310,8,03L253010EV,3,Turbina SKODA SUPERB II Estate 2.0 TDI 4x4 125 CP - Recondiţionată,SKODA,98,SUPERB II Estate,656,2.0 TDI 4x4,125,CFGB
1311,8,03L253010EV,3,Turbina SKODA SUPERB II Estate 2.0 TDI 125 CP - Recondiţionată,SKODA,98,SUPERB II Estate,659,2.0 TDI,125,CBBB
1311,8,03L253010EV,3,Turbina SKODA SUPERB II Estate 2.0 TDI 125 CP - Recondiţionată,SKODA,98,SUPERB II Estate,658,2.0 TDI,125,CFGB
1312,8,03L253010EV,3,Turbina SKODA YETI 2.0 TDI 4x4 125 CP - Recondiţionată,SKODA,99,YETI,661,2.0 TDI 4x4,125,CEGA
1312,8,03L253010EV,3,Turbina SKODA YETI 2.0 TDI 4x4 125 CP - Recondiţionată,SKODA,99,YETI,660,2.0 TDI 4x4,125,CFJA
1313,8,03L253010EV,4,Turbina VW GOLF VI 2.0 TDI 125 CP - Recondiţionată,VW,113,GOLF VI,663,2.0 TDI,125,CBBB
1313,8,03L253010EV,4,Turbina VW GOLF VI 2.0 TDI 125 CP - Recondiţionată,VW,113,GOLF VI,662,2.0 TDI,125,CFGB
1314,8,03L253010EV,4,Turbina VW GOLF VI Van 2.0 TDi 125 CP - Recondiţionată,VW,115,GOLF VI Van,664,2.0 TDi,125,CFGB
1315,8,03L253010EV,4,Turbina VW PASSAT B7 2.0 TDI 4motion 125 CP - Recondiţionată,VW,119,PASSAT B7,665,2.0 TDI 4motion,125,CFGB
1316,8,03L253010EV,4,Turbina VW PASSAT B7 2.0 TDI 125 CP - Recondiţionată,VW,119,PASSAT B7,666,2.0 TDI,125,CFGB
1316,8,03L253010EV,4,Turbina VW PASSAT B7 2.0 TDI 125 CP - Recondiţionată,VW,119,PASSAT B7,667,2.0 TDI,125,CLLA
1317,8,03L253010EV,4,Turbina VW PASSAT B7 Estate Van 2.0 TDI 125 CP - Recondiţionată,VW,120,PASSAT B7 Estate Van,668,2.0 TDI,125,CFGB
1317,8,03L253010EV,4,Turbina VW PASSAT B7 Estate Van 2.0 TDI 125 CP - Recondiţionată,VW,120,PASSAT B7 Estate Van,669,2.0 TDI,125,CLLA
1318,8,03L253010EV,4,Turbina VW PASSAT B7 Variant 2.0 TDI 4motion 125 CP - Recondiţionată,VW,121,PASSAT B7 Variant,670,2.0 TDI 4motion,125,CFGB
1319,8,03L253010EV,4,Turbina VW PASSAT B7 Variant 2.0 TDI 125 CP - Recondiţionată,VW,121,PASSAT B7 Variant,671,2.0 TDI,125,CFGB
1319,8,03L253010EV,4,Turbina VW PASSAT B7 Variant 2.0 TDI 125 CP - Recondiţionată,VW,121,PASSAT B7 Variant,672,2.0 TDI,125,CLLA
1320,8,03L253010EV,4,Turbina VW PASSAT CC B6 2.0 TDI 4motion 125 CP - Recondiţionată,VW,122,PASSAT CC B6,674,2.0 TDI 4motion,125,CBBB
1320,8,03L253010EV,4,Turbina VW PASSAT CC B6 2.0 TDI 4motion 125 CP - Recondiţionată,VW,122,PASSAT CC B6,673,2.0 TDI 4motion,125,CFGB
1321,8,03L253010EV,4,Turbina VW PASSAT CC B6 2.0 TDI 125 CP - Recondiţionată,VW,122,PASSAT CC B6,676,2.0 TDI,125,CBBB
1321,8,03L253010EV,4,Turbina VW PASSAT CC B6 2.0 TDI 125 CP - Recondiţionată,VW,122,PASSAT CC B6,675,2.0 TDI,125,CFGB
1321,8,03L253010EV,4,Turbina VW PASSAT CC B6 2.0 TDI 125 CP - Recondiţionată,VW,122,PASSAT CC B6,677,2.0 TDI,125,CLLA
1322,8,03L253010EV,4,Turbina VW SCIROCCO III 2.0 TDI 125 CP - Recondiţionată,VW,123,SCIROCCO III,679,2.0 TDI,125,CBBB
1322,8,03L253010EV,4,Turbina VW SCIROCCO III 2.0 TDI 125 CP - Recondiţionată,VW,123,SCIROCCO III,678,2.0 TDI,125,CFGB
1323,8,03L253010EV,4,Turbina VW SCIROCCO Van 2.0 TDi 125 CP - Recondiţionată,VW,124,SCIROCCO Van,680,2.0 TDi,125,CBBB
1323,8,03L253010EV,4,Turbina VW SCIROCCO Van 2.0 TDi 125 CP - Recondiţionată,VW,124,SCIROCCO Van,681,2.0 TDi,125,CFGB
1324,8,03L253010EV,4,Turbina VW SHARAN 2.0 TDI 125 CP - Recondiţionată,VW,33,SHARAN,682,2.0 TDI,125,CFGB
1325,8,03L253010EV,4,Turbina VW SHARAN Box Body/MPV 2.0 TDI 125 CP - Recondiţionată,VW,125,SHARAN Box Body/MPV,683,2.0 TDI,125,CFGB
1326,8,03L253010EV,4,Turbina VW TIGUAN 2.0 TDI 4motion 125 CP - Recondiţionată,VW,35,TIGUAN,685,2.0 TDI 4motion,125,CBBB
1326,8,03L253010EV,4,Turbina VW TIGUAN 2.0 TDI 4motion 125 CP - Recondiţionată,VW,35,TIGUAN,684,2.0 TDI 4motion,125,CFGB
1327,8,03L253010EV,4,Turbina VW TIGUAN VAN 2.0 TDI 4motion 125 CP - Recondiţionată,VW,126,TIGUAN VAN,686,2.0 TDI 4motion,125,CFGB
1328,8,03L253010EV,4,Turbina VW TOURAN 2.0 TDI 125 CP - Recondiţionată,VW,37,TOURAN,687,2.0 TDI,125,BMN
1328,8,03L253010EV,4,Turbina VW TOURAN 2.0 TDI 125 CP - Recondiţionată,VW,37,TOURAN,688,2.0 TDI,125,CFJA
1329,8,03L253010EV,4,Turbina VW TOURAN 2.0 TDI 125 CP - Recondiţionată,VW,37,TOURAN,688,2.0 TDI,125,CFJA
1330,8,03L253010EV,4,Turbina VW TOURAN Box Body/MPV 2.0 TDi 125 CP - Recondiţionată,VW,127,TOURAN Box Body/MPV,689,2.0 TDi,125,CFJA
1331,9,850840-5007S,13,Turbina FORD C-MAX 2.0 TDCi 98 CP - Recondiţionată,FORD,139,C-MAX,691,2.0 TDCi,98,G6DC
1331,9,850840-5007S,13,Turbina FORD C-MAX 2.0 TDCi 98 CP - Recondiţionată,FORD,139,C-MAX,690,2.0 TDCi,98,G6DE
1331,9,850840-5007S,13,Turbina FORD C-MAX 2.0 TDCi 98 CP - Recondiţionată,FORD,139,C-MAX,692,2.0 TDCi,98,G6DF
1332,9,850840-5007S,13,Turbina FORD C-MAX 2.0 TDCi 100 CP - Recondiţionată,FORD,139,C-MAX,695,2.0 TDCi,100,G6DA
1332,9,850840-5007S,13,Turbina FORD C-MAX 2.0 TDCi 100 CP - Recondiţionată,FORD,139,C-MAX,696,2.0 TDCi,100,G6DB
1332,9,850840-5007S,13,Turbina FORD C-MAX 2.0 TDCi 100 CP - Recondiţionată,FORD,139,C-MAX,693,2.0 TDCi,100,G6DD
1332,9,850840-5007S,13,Turbina FORD C-MAX 2.0 TDCi 100 CP - Recondiţionată,FORD,139,C-MAX,694,2.0 TDCi,100,G6DG
1333,9,850840-5007S,13,Turbina FORD C-MAX 2.0 TDCi 81 CP - Recondiţionată,FORD,139,C-MAX,697,2.0 TDCi,81,IXDA
1334,9,850840-5007S,13,Turbina FORD C-MAX II 2.0 TDCi 125 CP - Recondiţionată,FORD,140,C-MAX II,698,2.0 TDCi,125,T8DE
1334,9,850840-5007S,13,Turbina FORD C-MAX II 2.0 TDCi 125 CP - Recondiţionată,FORD,140,C-MAX II,699,2.0 TDCi,125,T8DF
1335,9,850840-5007S,13,Turbina FORD C-MAX II 2.0 TDCi 100 CP - Recondiţionată,FORD,140,C-MAX II,700,2.0 TDCi,100,UKDB
1336,9,850840-5007S,13,Turbina FORD FOCUS C-MAX 2.0 TDCi 100 CP - Recondiţionată,FORD,141,FOCUS C-MAX,704,2.0 TDCi,100,G6DA
1336,9,850840-5007S,13,Turbina FORD FOCUS C-MAX 2.0 TDCi 100 CP - Recondiţionată,FORD,141,FOCUS C-MAX,703,2.0 TDCi,100,G6DB
1336,9,850840-5007S,13,Turbina FORD FOCUS C-MAX 2.0 TDCi 100 CP - Recondiţionată,FORD,141,FOCUS C-MAX,701,2.0 TDCi,100,G6DD
1336,9,850840-5007S,13,Turbina FORD FOCUS C-MAX 2.0 TDCi 100 CP - Recondiţionată,FORD,141,FOCUS C-MAX,702,2.0 TDCi,100,G6DG
1337,9,850840-5007S,13,Turbina FORD FOCUS C-MAX 2.0 TDCi 98 CP - Recondiţionată,FORD,141,FOCUS C-MAX,706,2.0 TDCi,98,G6DC
1337,9,850840-5007S,13,Turbina FORD FOCUS C-MAX 2.0 TDCi 98 CP - Recondiţionată,FORD,141,FOCUS C-MAX,705,2.0 TDCi,98,G6DE
1337,9,850840-5007S,13,Turbina FORD FOCUS C-MAX 2.0 TDCi 98 CP - Recondiţionată,FORD,141,FOCUS C-MAX,707,2.0 TDCi,98,G6DF
1338,9,850840-5007S,13,Turbina FORD FOCUS II 2.0 TDCi 100 CP - Recondiţionată,FORD,142,FOCUS II,711,2.0 TDCi,100,G6DA
1338,9,850840-5007S,13,Turbina FORD FOCUS II 2.0 TDCi 100 CP - Recondiţionată,FORD,142,FOCUS II,710,2.0 TDCi,100,G6DB
1338,9,850840-5007S,13,Turbina FORD FOCUS II 2.0 TDCi 100 CP - Recondiţionată,FORD,142,FOCUS II,709,2.0 TDCi,100,G6DD
1338,9,850840-5007S,13,Turbina FORD FOCUS II 2.0 TDCi 100 CP - Recondiţionată,FORD,142,FOCUS II,708,2.0 TDCi,100,G6DG
1339,9,850840-5007S,13,Turbina FORD FOCUS II 2.0 TDCi 98 CP - Recondiţionată,FORD,142,FOCUS II,712,2.0 TDCi,98,G6DE
1339,9,850840-5007S,13,Turbina FORD FOCUS II 2.0 TDCi 98 CP - Recondiţionată,FORD,142,FOCUS II,713,2.0 TDCi,98,G6DF
1340,9,850840-5007S,13,Turbina FORD FOCUS II 2.0 TDCi 81 CP - Recondiţionată,FORD,142,FOCUS II,714,2.0 TDCi,81,IXDA
1341,9,850840-5007S,13,Turbina FORD FOCUS II Cabrio 2.0 TDCi 100 CP - Recondiţionată,FORD,143,FOCUS II Cabrio,716,2.0 TDCi,100,G6DA
1341,9,850840-5007S,13,Turbina FORD FOCUS II Cabrio 2.0 TDCi 100 CP - Recondiţionată,FORD,143,FOCUS II Cabrio,717,2.0 TDCi,100,G6DB
1341,9,850840-5007S,13,Turbina FORD FOCUS II Cabrio 2.0 TDCi 100 CP - Recondiţionată,FORD,143,FOCUS II Cabrio,715,2.0 TDCi,100,G6DD
1341,9,850840-5007S,13,Turbina FORD FOCUS II Cabrio 2.0 TDCi 100 CP - Recondiţionată,FORD,143,FOCUS II Cabrio,718,2.0 TDCi,100,G6DG
1342,9,850840-5007S,13,Turbina FORD FOCUS II Estate Van 2.0 TDCi 100 CP - Recondiţionată,FORD,144,FOCUS II Estate Van,719,2.0 TDCi,100,G6DB
1343,9,850840-5007S,13,Turbina FORD FOCUS II Estate Van 2.0 TDCi 81 CP - Recondiţionată,FORD,144,FOCUS II Estate Van,720,2.0 TDCi,81,IXDA
1344,9,850840-5007S,13,Turbina FORD FOCUS II Saloon 2.0 TDCi 81 CP - Recondiţionată,FORD,145,FOCUS II Saloon,721,2.0 TDCi,81,IXDA
1345,9,850840-5007S,13,Turbina FORD FOCUS II Saloon 2.0 TDCi 100 CP - Recondiţionată,FORD,145,FOCUS II Saloon,723,2.0 TDCi,100,G6DA
1345,9,850840-5007S,13,Turbina FORD FOCUS II Saloon 2.0 TDCi 100 CP - Recondiţionată,FORD,145,FOCUS II Saloon,724,2.0 TDCi,100,G6DB
1345,9,850840-5007S,13,Turbina FORD FOCUS II Saloon 2.0 TDCi 100 CP - Recondiţionată,FORD,145,FOCUS II Saloon,722,2.0 TDCi,100,G6DD
1345,9,850840-5007S,13,Turbina FORD FOCUS II Saloon 2.0 TDCi 100 CP - Recondiţionată,FORD,145,FOCUS II Saloon,725,2.0 TDCi,100,G6DG
1346,9,850840-5007S,13,Turbina FORD FOCUS II Turnier 2.0 TDCi 98 CP - Recondiţionată,FORD,146,FOCUS II Turnier,726,2.0 TDCi,98,G6DE
1346,9,850840-5007S,13,Turbina FORD FOCUS II Turnier 2.0 TDCi 98 CP - Recondiţionată,FORD,146,FOCUS II Turnier,727,2.0 TDCi,98,G6DF
1347,9,850840-5007S,13,Turbina FORD FOCUS II Turnier 2.0 TDCi 100 CP - Recondiţionată,FORD,146,FOCUS II Turnier,731,2.0 TDCi,100,G6DA
1347,9,850840-5007S,13,Turbina FORD FOCUS II Turnier 2.0 TDCi 100 CP - Recondiţionată,FORD,146,FOCUS II Turnier,730,2.0 TDCi,100,G6DB
1347,9,850840-5007S,13,Turbina FORD FOCUS II Turnier 2.0 TDCi 100 CP - Recondiţionată,FORD,146,FOCUS II Turnier,729,2.0 TDCi,100,G6DD
1347,9,850840-5007S,13,Turbina FORD FOCUS II Turnier 2.0 TDCi 100 CP - Recondiţionată,FORD,146,FOCUS II Turnier,728,2.0 TDCi,100,G6DG
1348,9,850840-5007S,13,Turbina FORD FOCUS II Turnier 2.0 TDCi 81 CP - Recondiţionată,FORD,146,FOCUS II Turnier,732,2.0 TDCi,81,IXDA
1349,9,850840-5007S,13,Turbina FORD FOCUS III 2.0 TDCi 100 CP - Recondiţionată,FORD,147,FOCUS III,733,2.0 TDCi,100,UKDB
1350,9,850840-5007S,13,Turbina FORD FOCUS III Saloon 2.0 TDCi 100 CP - Recondiţionată,FORD,148,FOCUS III Saloon,734,2.0 TDCi,100,UKDB
1351,9,850840-5007S,13,Turbina FORD FOCUS III Turnier 2.0 TDCi 100 CP - Recondiţionată,FORD,149,FOCUS III Turnier,735,2.0 TDCi,100,UKDB
1352,9,850840-5007S,13,Turbina FORD GALAXY I 1.9 TDI 96 CP - Recondiţionată,FORD,150,GALAXY I,736,1.9 TDI,96,ASZ
1353,9,850840-5007S,13,Turbina FORD GALAXY I 1.9 TDI 81 CP - Recondiţionată,FORD,150,GALAXY I,737,1.9 TDI,81,AFN
1353,9,850840-5007S,13,Turbina FORD GALAXY I 1.9 TDI 81 CP - Recondiţionată,FORD,150,GALAXY I,738,1.9 TDI,81,AVG
1354,9,850840-5007S,13,Turbina FORD GALAXY II 2.0 TDCi 100 CP - Recondiţionată,FORD,151,GALAXY II,740,2.0 TDCi,100,AZWC
1354,9,850840-5007S,13,Turbina FORD GALAXY II 2.0 TDCi 100 CP - Recondiţionată,FORD,151,GALAXY II,739,2.0 TDCi,100,UKWA
1355,9,850840-5007S,13,Turbina FORD GALAXY II 2.0 TDCi 96 CP - Recondiţionată,FORD,151,GALAXY II,741,2.0 TDCi,96,AZWA
1356,9,850840-5007S,13,Turbina FORD GALAXY MK II VAN TDCi 96 CP - Recondiţionată,FORD,152,GALAXY MK II VAN,742,TDCi,96,AZWA
1357,9,850840-5007S,13,Turbina FORD GRAND C-MAX 2.0 TDCi 100 CP - Recondiţionată,FORD,153,GRAND C-MAX,743,2.0 TDCi,100,UKDB
1358,9,850840-5007S,13,Turbina FORD GRAND C-MAX 2.0 TDCi 125 CP - Recondiţionată,FORD,153,GRAND C-MAX,744,2.0 TDCi,125,T8DE
1358,9,850840-5007S,13,Turbina FORD GRAND C-MAX 2.0 TDCi 125 CP - Recondiţionată,FORD,153,GRAND C-MAX,745,2.0 TDCi,125,T8DF
1359,9,850840-5007S,13,Turbina FORD GRAND C-MAX Van 2.0 TDCi 125 CP - Recondiţionată,FORD,154,GRAND C-MAX Van,746,2.0 TDCi,125,T8DE
1360,9,850840-5007S,13,Turbina FORD KUGA I 2.0 TDCi 4x4 100 CP - Recondiţionată,FORD,155,KUGA I,747,2.0 TDCi 4x4,100,G6DG
1360,9,850840-5007S,13,Turbina FORD KUGA I 2.0 TDCi 4x4 100 CP - Recondiţionată,FORD,155,KUGA I,748,2.0 TDCi 4x4,100,UKDA
1361,9,850840-5007S,13,Turbina FORD KUGA I 2.0 TDCi 100 CP - Recondiţionată,FORD,155,KUGA I,749,2.0 TDCi,100,G6DG
1361,9,850840-5007S,13,Turbina FORD KUGA I 2.0 TDCi 100 CP - Recondiţionată,FORD,155,KUGA I,750,2.0 TDCi,100,UKDA
1362,9,850840-5007S,13,Turbina FORD KUGA II 2.0 TDCi 100 CP - Recondiţionată,FORD,156,KUGA II,751,2.0 TDCi,100,UKMA
1363,9,850840-5007S,13,Turbina FORD KUGA II 2.0 TDCi 4x4 100 CP - Recondiţionată,FORD,156,KUGA II,752,2.0 TDCi 4x4,100,UKMA
1364,9,850840-5007S,13,Turbina FORD MONDEO III 2.0 DI 92 CP - Recondiţionată,FORD,157,MONDEO III,753,2.0 DI,92,PD20FMCR
1365,9,850840-5007S,13,Turbina FORD MONDEO III 2.0 TDCi 96 CP - Recondiţionată,FORD,157,MONDEO III,755,2.0 TDCi,96,FMBA
1365,9,850840-5007S,13,Turbina FORD MONDEO III 2.0 TDCi 96 CP - Recondiţionată,FORD,157,MONDEO III,754,2.0 TDCi,96,N7BA
1365,9,850840-5007S,13,Turbina FORD MONDEO III 2.0 TDCi 96 CP - Recondiţionată,FORD,157,MONDEO III,756,2.0 TDCi,96,N7BB
1366,9,850840-5007S,13,Turbina FORD MONDEO III Saloon 2.0 DI 92 CP - Recondiţionată,FORD,158,MONDEO III Saloon,757,2.0 DI,92,PD20FMCR
1367,9,850840-5007S,13,Turbina FORD MONDEO III Saloon 2.0 TDCi 96 CP - Recondiţionată,FORD,158,MONDEO III Saloon,759,2.0 TDCi,96,FMBA
1367,9,850840-5007S,13,Turbina FORD MONDEO III Saloon 2.0 TDCi 96 CP - Recondiţionată,FORD,158,MONDEO III Saloon,758,2.0 TDCi,96,N7BA
1367,9,850840-5007S,13,Turbina FORD MONDEO III Saloon 2.0 TDCi 96 CP - Recondiţionată,FORD,158,MONDEO III Saloon,760,2.0 TDCi,96,N7BB
1368,9,850840-5007S,13,Turbina FORD MONDEO III Turnier 2.0 TDCi 96 CP - Recondiţionată,FORD,159,MONDEO III Turnier,762,2.0 TDCi,96,FMBA
1368,9,850840-5007S,13,Turbina FORD MONDEO III Turnier 2.0 TDCi 96 CP - Recondiţionată,FORD,159,MONDEO III Turnier,761,2.0 TDCi,96,N7BA
1368,9,850840-5007S,13,Turbina FORD MONDEO III Turnier 2.0 TDCi 96 CP - Recondiţionată,FORD,159,MONDEO III Turnier,763,2.0 TDCi,96,N7BB
1369,9,850840-5007S,13,Turbina FORD MONDEO IV 2.0 TDCi 100 CP - Recondiţionată,FORD,160,MONDEO IV,766,2.0 TDCi,100,AZBC
1369,9,850840-5007S,13,Turbina FORD MONDEO IV 2.0 TDCi 100 CP - Recondiţionată,FORD,160,MONDEO IV,764,2.0 TDCi,100,UKBA
1369,9,850840-5007S,13,Turbina FORD MONDEO IV 2.0 TDCi 100 CP - Recondiţionată,FORD,160,MONDEO IV,765,2.0 TDCi,100,UKBB
1370,9,850840-5007S,13,Turbina FORD MONDEO IV 2.0 TDCi 96 CP - Recondiţionată,FORD,160,MONDEO IV,767,2.0 TDCi,96,AZBA
1371,9,850840-5007S,13,Turbina FORD MONDEO IV Saloon 2.0 TDCi 100 CP - Recondiţionată,FORD,161,MONDEO IV Saloon,770,2.0 TDCi,100,AZBC
1371,9,850840-5007S,13,Turbina FORD MONDEO IV Saloon 2.0 TDCi 100 CP - Recondiţionată,FORD,161,MONDEO IV Saloon,768,2.0 TDCi,100,UKBA
1371,9,850840-5007S,13,Turbina FORD MONDEO IV Saloon 2.0 TDCi 100 CP - Recondiţionată,FORD,161,MONDEO IV Saloon,769,2.0 TDCi,100,UKBB
1372,9,850840-5007S,13,Turbina FORD MONDEO IV Saloon 2.0 TDCi 96 CP - Recondiţionată,FORD,161,MONDEO IV Saloon,771,2.0 TDCi,96,AZBA
1373,9,850840-5007S,13,Turbina FORD MONDEO IV Turnier 2.0 TDCi 96 CP - Recondiţionată,FORD,162,MONDEO IV Turnier,772,2.0 TDCi,96,AZBA
1374,9,850840-5007S,13,Turbina FORD MONDEO IV Turnier 2.0 TDCi 100 CP - Recondiţionată,FORD,162,MONDEO IV Turnier,775,2.0 TDCi,100,AZBC
1374,9,850840-5007S,13,Turbina FORD MONDEO IV Turnier 2.0 TDCi 100 CP - Recondiţionată,FORD,162,MONDEO IV Turnier,773,2.0 TDCi,100,UKBA
1374,9,850840-5007S,13,Turbina FORD MONDEO IV Turnier 2.0 TDCi 100 CP - Recondiţionată,FORD,162,MONDEO IV Turnier,774,2.0 TDCi,100,UKBB
1375,9,850840-5007S,13,Turbina FORD RANGER 2.0 EcoBlue 125 CP - Recondiţionată,FORD,163,RANGER,776,2.0 EcoBlue,125,T20DD0J
1376,9,850840-5007S,13,Turbina FORD RANGER 2.0 EcoBlue 4x4 125 CP - Recondiţionată,FORD,163,RANGER,778,2.0 EcoBlue 4x4,125,BC2X
1376,9,850840-5007S,13,Turbina FORD RANGER 2.0 EcoBlue 4x4 125 CP - Recondiţionată,FORD,163,RANGER,777,2.0 EcoBlue 4x4,125,T20DD0J
1377,9,850840-5007S,13,Turbina FORD RANGER 2.0 EcoBlue 4x4 96 CP - Recondiţionată,FORD,163,RANGER,779,2.0 EcoBlue 4x4,96,T20DD0J
1378,9,850840-5007S,13,Turbina FORD RANGER IV 2.0 EcoBlue 4x4 125 CP - Recondiţionată,FORD,164,RANGER IV,781,2.0 EcoBlue 4x4,125,P02S
1378,9,850840-5007S,13,Turbina FORD RANGER IV 2.0 EcoBlue 4x4 125 CP - Recondiţionată,FORD,164,RANGER IV,780,2.0 EcoBlue 4x4,125,P02X
1379,9,850840-5007S,13,Turbina FORD S-MAX 2.0 TDCi 100 CP - Recondiţionată,FORD,165,S-MAX,783,2.0 TDCi,100,AZWC
1379,9,850840-5007S,13,Turbina FORD S-MAX 2.0 TDCi 100 CP - Recondiţionată,FORD,165,S-MAX,782,2.0 TDCi,100,UKWA
1380,9,850840-5007S,13,Turbina FORD S-MAX 2.0 TDCi 96 CP - Recondiţionată,FORD,165,S-MAX,784,2.0 TDCi,96,AZWA
1381,9,850840-5007S,13,Turbina FORD TOURNEO CONNECT / GRAND TOURNEO CONNECT V761 MPV 2.0 EcoBlue 75 CP - Recondiţionată,FORD,166,TOURNEO CONNECT / GRAND TOURNEO CONNECT V761 MPV,785,2.0 EcoBlue,75,ENUF
1382,9,850840-5007S,13,Turbina FORD TOURNEO CUSTOM V362 Bus 2.0 EcoBlue 96 CP - Recondiţionată,FORD,167,TOURNEO CUSTOM V362 Bus,789,2.0 EcoBlue,96,BKFA
1382,9,850840-5007S,13,Turbina FORD TOURNEO CUSTOM V362 Bus 2.0 EcoBlue 96 CP - Recondiţionată,FORD,167,TOURNEO CUSTOM V362 Bus,790,2.0 EcoBlue,96,BKFB
1382,9,850840-5007S,13,Turbina FORD TOURNEO CUSTOM V362 Bus 2.0 EcoBlue 96 CP - Recondiţionată,FORD,167,TOURNEO CUSTOM V362 Bus,786,2.0 EcoBlue,96,YMF6
1382,9,850840-5007S,13,Turbina FORD TOURNEO CUSTOM V362 Bus 2.0 EcoBlue 96 CP - Recondiţionată,FORD,167,TOURNEO CUSTOM V362 Bus,787,2.0 EcoBlue,96,YMFA
1382,9,850840-5007S,13,Turbina FORD TOURNEO CUSTOM V362 Bus 2.0 EcoBlue 96 CP - Recondiţionată,FORD,167,TOURNEO CUSTOM V362 Bus,788,2.0 EcoBlue,96,YMFB
1382,9,850840-5007S,13,Turbina FORD TOURNEO CUSTOM V362 Bus 2.0 EcoBlue 96 CP - Recondiţionată,FORD,167,TOURNEO CUSTOM V362 Bus,791,2.0 EcoBlue,96,YMFS
1383,9,850840-5007S,13,Turbina FORD TOURNEO CUSTOM V362 Bus 2.0 EcoBlue 125 CP - Recondiţionată,FORD,167,TOURNEO CUSTOM V362 Bus,794,2.0 EcoBlue,125,BLFA
1383,9,850840-5007S,13,Turbina FORD TOURNEO CUSTOM V362 Bus 2.0 EcoBlue 125 CP - Recondiţionată,FORD,167,TOURNEO CUSTOM V362 Bus,795,2.0 EcoBlue,125,BLFB
1383,9,850840-5007S,13,Turbina FORD TOURNEO CUSTOM V362 Bus 2.0 EcoBlue 125 CP - Recondiţionată,FORD,167,TOURNEO CUSTOM V362 Bus,797,2.0 EcoBlue,125,YNF6
1383,9,850840-5007S,13,Turbina FORD TOURNEO CUSTOM V362 Bus 2.0 EcoBlue 125 CP - Recondiţionată,FORD,167,TOURNEO CUSTOM V362 Bus,792,2.0 EcoBlue,125,YNFA
1383,9,850840-5007S,13,Turbina FORD TOURNEO CUSTOM V362 Bus 2.0 EcoBlue 125 CP - Recondiţionată,FORD,167,TOURNEO CUSTOM V362 Bus,793,2.0 EcoBlue,125,YNFB
1383,9,850840-5007S,13,Turbina FORD TOURNEO CUSTOM V362 Bus 2.0 EcoBlue 125 CP - Recondiţionată,FORD,167,TOURNEO CUSTOM V362 Bus,796,2.0 EcoBlue,125,YNFS
1384,9,850840-5007S,13,Turbina FORD TOURNEO CUSTOM V362 Bus 2.0 EcoBlue 136 CP - Recondiţionată,FORD,167,TOURNEO CUSTOM V362 Bus,799,2.0 EcoBlue,136,BCFA
1384,9,850840-5007S,13,Turbina FORD TOURNEO CUSTOM V362 Bus 2.0 EcoBlue 136 CP - Recondiţionată,FORD,167,TOURNEO CUSTOM V362 Bus,798,2.0 EcoBlue,136,BCFB
1385,9,850840-5007S,13,Turbina FORD TOURNEO CUSTOM V362 Bus 2.0 EcoBlue mHEV 96 CP - Recondiţionată,FORD,167,TOURNEO CUSTOM V362 Bus,800,2.0 EcoBlue mHEV,96,BKFC
1385,9,850840-5007S,13,Turbina FORD TOURNEO CUSTOM V362 Bus 2.0 EcoBlue mHEV 96 CP - Recondiţionată,FORD,167,TOURNEO CUSTOM V362 Bus,801,2.0 EcoBlue mHEV,96,BKFD
1386,9,850840-5007S,13,Turbina FORD TOURNEO CUSTOM V362 Bus 2.0 EcoBlue 77 CP - Recondiţionată,FORD,167,TOURNEO CUSTOM V362 Bus,804,2.0 EcoBlue,77,BJFA
1386,9,850840-5007S,13,Turbina FORD TOURNEO CUSTOM V362 Bus 2.0 EcoBlue 77 CP - Recondiţionată,FORD,167,TOURNEO CUSTOM V362 Bus,805,2.0 EcoBlue,77,BJFB
1386,9,850840-5007S,13,Turbina FORD TOURNEO CUSTOM V362 Bus 2.0 EcoBlue 77 CP - Recondiţionată,FORD,167,TOURNEO CUSTOM V362 Bus,807,2.0 EcoBlue,77,YLF6
1386,9,850840-5007S,13,Turbina FORD TOURNEO CUSTOM V362 Bus 2.0 EcoBlue 77 CP - Recondiţionată,FORD,167,TOURNEO CUSTOM V362 Bus,802,2.0 EcoBlue,77,YLFA
1386,9,850840-5007S,13,Turbina FORD TOURNEO CUSTOM V362 Bus 2.0 EcoBlue 77 CP - Recondiţionată,FORD,167,TOURNEO CUSTOM V362 Bus,803,2.0 EcoBlue,77,YLFB
1386,9,850840-5007S,13,Turbina FORD TOURNEO CUSTOM V362 Bus 2.0 EcoBlue 77 CP - Recondiţionată,FORD,167,TOURNEO CUSTOM V362 Bus,806,2.0 EcoBlue,77,YLFS
1387,9,850840-5007S,13,Turbina FORD TOURNEO CUSTOM V362 Bus 2.0 EcoBlue mHEV 136 CP - Recondiţionată,FORD,167,TOURNEO CUSTOM V362 Bus,809,2.0 EcoBlue mHEV,136,BCFC
1387,9,850840-5007S,13,Turbina FORD TOURNEO CUSTOM V362 Bus 2.0 EcoBlue mHEV 136 CP - Recondiţionată,FORD,167,TOURNEO CUSTOM V362 Bus,808,2.0 EcoBlue mHEV,136,BCFD
1388,9,850840-5007S,13,Turbina FORD TOURNEO CUSTOM V710 Bus 2.0 EcoBlue 125 CP - Recondiţionată,FORD,168,TOURNEO CUSTOM V710 Bus,810,2.0 EcoBlue,125,BKFA
1389,9,850840-5007S,13,Turbina FORD TOURNEO CUSTOM V710 Bus 2.0 EcoBlue 100 CP - Recondiţionată,FORD,168,TOURNEO CUSTOM V710 Bus,811,2.0 EcoBlue,100,BJFA
1390,9,850840-5007S,13,Turbina FORD TOURNEO CUSTOM V710 Bus 2.0 EcoBlue AWD 100 CP - Recondiţionată,FORD,168,TOURNEO CUSTOM V710 Bus,812,2.0 EcoBlue AWD,100,BJAA
1391,9,850840-5007S,13,Turbina FORD TOURNEO CUSTOM V710 Bus 2.0 EcoBlue AWD 125 CP - Recondiţionată,FORD,168,TOURNEO CUSTOM V710 Bus,813,2.0 EcoBlue AWD,125,BKAA
1392,9,850840-5007S,13,Turbina FORD TOURNEO CUSTOM V710 Bus 2.0 EcoBlue 81 CP - Recondiţionată,FORD,168,TOURNEO CUSTOM V710 Bus,814,2.0 EcoBlue,81,BCFA
1393,9,850840-5007S,13,Turbina FORD TRANSIT Bus 2.0 TDCi 92 CP - Recondiţionată,FORD,169,TRANSIT Bus,815,2.0 TDCi,92,FIFA
1394,9,850840-5007S,13,Turbina FORD TRANSIT CONNECT V761 Box Body/MPV EcoBlue 75 CP - Recondiţionată,FORD,170,TRANSIT CONNECT V761 Box Body/MPV,816,EcoBlue,75,ENUF
1395,9,850840-5007S,13,Turbina FORD TRANSIT CUSTOM V362 Bus 2.0 EcoBlue 125 CP - Recondiţionată,FORD,171,TRANSIT CUSTOM V362 Bus,819,2.0 EcoBlue,125,BLFA
1395,9,850840-5007S,13,Turbina FORD TRANSIT CUSTOM V362 Bus 2.0 EcoBlue 125 CP - Recondiţionată,FORD,171,TRANSIT CUSTOM V362 Bus,820,2.0 EcoBlue,125,BLFB
1395,9,850840-5007S,13,Turbina FORD TRANSIT CUSTOM V362 Bus 2.0 EcoBlue 125 CP - Recondiţionată,FORD,171,TRANSIT CUSTOM V362 Bus,822,2.0 EcoBlue,125,YNF6
1395,9,850840-5007S,13,Turbina FORD TRANSIT CUSTOM V362 Bus 2.0 EcoBlue 125 CP - Recondiţionată,FORD,171,TRANSIT CUSTOM V362 Bus,817,2.0 EcoBlue,125,YNFA
1395,9,850840-5007S,13,Turbina FORD TRANSIT CUSTOM V362 Bus 2.0 EcoBlue 125 CP - Recondiţionată,FORD,171,TRANSIT CUSTOM V362 Bus,818,2.0 EcoBlue,125,YNFB
1395,9,850840-5007S,13,Turbina FORD TRANSIT CUSTOM V362 Bus 2.0 EcoBlue 125 CP - Recondiţionată,FORD,171,TRANSIT CUSTOM V362 Bus,821,2.0 EcoBlue,125,YNFS
1396,9,850840-5007S,13,Turbina FORD TRANSIT CUSTOM V362 Bus 2.0 EcoBlue 96 CP - Recondiţionată,FORD,171,TRANSIT CUSTOM V362 Bus,825,2.0 EcoBlue,96,BKFA
1396,9,850840-5007S,13,Turbina FORD TRANSIT CUSTOM V362 Bus 2.0 EcoBlue 96 CP - Recondiţionată,FORD,171,TRANSIT CUSTOM V362 Bus,826,2.0 EcoBlue,96,BKFB
1396,9,850840-5007S,13,Turbina FORD TRANSIT CUSTOM V362 Bus 2.0 EcoBlue 96 CP - Recondiţionată,FORD,171,TRANSIT CUSTOM V362 Bus,828,2.0 EcoBlue,96,YMF6
1396,9,850840-5007S,13,Turbina FORD TRANSIT CUSTOM V362 Bus 2.0 EcoBlue 96 CP - Recondiţionată,FORD,171,TRANSIT CUSTOM V362 Bus,823,2.0 EcoBlue,96,YMFA
1396,9,850840-5007S,13,Turbina FORD TRANSIT CUSTOM V362 Bus 2.0 EcoBlue 96 CP - Recondiţionată,FORD,171,TRANSIT CUSTOM V362 Bus,824,2.0 EcoBlue,96,YMFB
1396,9,850840-5007S,13,Turbina FORD TRANSIT CUSTOM V362 Bus 2.0 EcoBlue 96 CP - Recondiţionată,FORD,171,TRANSIT CUSTOM V362 Bus,827,2.0 EcoBlue,96,YMFS
1397,9,850840-5007S,13,Turbina FORD TRANSIT CUSTOM V362 Bus 2.0 EcoBlue mHEV 125 CP - Recondiţionată,FORD,171,TRANSIT CUSTOM V362 Bus,829,2.0 EcoBlue mHEV,125,BLFC
1397,9,850840-5007S,13,Turbina FORD TRANSIT CUSTOM V362 Bus 2.0 EcoBlue mHEV 125 CP - Recondiţionată,FORD,171,TRANSIT CUSTOM V362 Bus,830,2.0 EcoBlue mHEV,125,BLFD
1398,9,850840-5007S,13,Turbina FORD TRANSIT CUSTOM V362 Bus 2.0 EcoBlue 77 CP - Recondiţionată,FORD,171,TRANSIT CUSTOM V362 Bus,833,2.0 EcoBlue,77,BJFA
1398,9,850840-5007S,13,Turbina FORD TRANSIT CUSTOM V362 Bus 2.0 EcoBlue 77 CP - Recondiţionată,FORD,171,TRANSIT CUSTOM V362 Bus,834,2.0 EcoBlue,77,BJFB
1398,9,850840-5007S,13,Turbina FORD TRANSIT CUSTOM V362 Bus 2.0 EcoBlue 77 CP - Recondiţionată,FORD,171,TRANSIT CUSTOM V362 Bus,836,2.0 EcoBlue,77,YLF6
1398,9,850840-5007S,13,Turbina FORD TRANSIT CUSTOM V362 Bus 2.0 EcoBlue 77 CP - Recondiţionată,FORD,171,TRANSIT CUSTOM V362 Bus,831,2.0 EcoBlue,77,YLFA
1398,9,850840-5007S,13,Turbina FORD TRANSIT CUSTOM V362 Bus 2.0 EcoBlue 77 CP - Recondiţionată,FORD,171,TRANSIT CUSTOM V362 Bus,832,2.0 EcoBlue,77,YLFB
1398,9,850840-5007S,13,Turbina FORD TRANSIT CUSTOM V362 Bus 2.0 EcoBlue 77 CP - Recondiţionată,FORD,171,TRANSIT CUSTOM V362 Bus,835,2.0 EcoBlue,77,YLFS
1399,9,850840-5007S,13,Turbina FORD TRANSIT CUSTOM V362 Bus 2.0 EcoBlue mHEV 77 CP - Recondiţionată,FORD,171,TRANSIT CUSTOM V362 Bus,837,2.0 EcoBlue mHEV,77,BJFC
1399,9,850840-5007S,13,Turbina FORD TRANSIT CUSTOM V362 Bus 2.0 EcoBlue mHEV 77 CP - Recondiţionată,FORD,171,TRANSIT CUSTOM V362 Bus,838,2.0 EcoBlue mHEV,77,BJFD
1400,9,850840-5007S,13,Turbina FORD TRANSIT CUSTOM V362 Bus 2.0 EcoBlue mHEV 136 CP - Recondiţionată,FORD,171,TRANSIT CUSTOM V362 Bus,840,2.0 EcoBlue mHEV,136,BCFC
1400,9,850840-5007S,13,Turbina FORD TRANSIT CUSTOM V362 Bus 2.0 EcoBlue mHEV 136 CP - Recondiţionată,FORD,171,TRANSIT CUSTOM V362 Bus,839,2.0 EcoBlue mHEV,136,BCFD
1401,9,850840-5007S,13,Turbina FORD TRANSIT CUSTOM V362 Bus 2.0 EcoBlue 136 CP - Recondiţionată,FORD,171,TRANSIT CUSTOM V362 Bus,842,2.0 EcoBlue,136,BCFA
1401,9,850840-5007S,13,Turbina FORD TRANSIT CUSTOM V362 Bus 2.0 EcoBlue 136 CP - Recondiţionată,FORD,171,TRANSIT CUSTOM V362 Bus,841,2.0 EcoBlue,136,BCFB
1402,9,850840-5007S,13,Turbina FORD TRANSIT CUSTOM V362 Bus 2.0 EcoBlue mHEV 96 CP - Recondiţionată,FORD,171,TRANSIT CUSTOM V362 Bus,843,2.0 EcoBlue mHEV,96,BKFC
1402,9,850840-5007S,13,Turbina FORD TRANSIT CUSTOM V362 Bus 2.0 EcoBlue mHEV 96 CP - Recondiţionată,FORD,171,TRANSIT CUSTOM V362 Bus,844,2.0 EcoBlue mHEV,96,BKFD
1403,9,850840-5007S,13,Turbina FORD TRANSIT CUSTOM V362 Van 2.0 EcoBlue 136 CP - Recondiţionată,FORD,172,TRANSIT CUSTOM V362 Van,846,2.0 EcoBlue,136,BCFA
1403,9,850840-5007S,13,Turbina FORD TRANSIT CUSTOM V362 Van 2.0 EcoBlue 136 CP - Recondiţionată,FORD,172,TRANSIT CUSTOM V362 Van,845,2.0 EcoBlue,136,BCFB
1404,9,850840-5007S,13,Turbina FORD TRANSIT CUSTOM V362 Van 2.0 EcoBlue 125 CP - Recondiţionată,FORD,172,TRANSIT CUSTOM V362 Van,849,2.0 EcoBlue,125,BLFA
1404,9,850840-5007S,13,Turbina FORD TRANSIT CUSTOM V362 Van 2.0 EcoBlue 125 CP - Recondiţionată,FORD,172,TRANSIT CUSTOM V362 Van,850,2.0 EcoBlue,125,BLFB
1404,9,850840-5007S,13,Turbina FORD TRANSIT CUSTOM V362 Van 2.0 EcoBlue 125 CP - Recondiţionată,FORD,172,TRANSIT CUSTOM V362 Van,852,2.0 EcoBlue,125,YNF6
1404,9,850840-5007S,13,Turbina FORD TRANSIT CUSTOM V362 Van 2.0 EcoBlue 125 CP - Recondiţionată,FORD,172,TRANSIT CUSTOM V362 Van,847,2.0 EcoBlue,125,YNFA
1404,9,850840-5007S,13,Turbina FORD TRANSIT CUSTOM V362 Van 2.0 EcoBlue 125 CP - Recondiţionată,FORD,172,TRANSIT CUSTOM V362 Van,848,2.0 EcoBlue,125,YNFB
1404,9,850840-5007S,13,Turbina FORD TRANSIT CUSTOM V362 Van 2.0 EcoBlue 125 CP - Recondiţionată,FORD,172,TRANSIT CUSTOM V362 Van,851,2.0 EcoBlue,125,YNFS
1405,9,850840-5007S,13,Turbina FORD TRANSIT CUSTOM V362 Van 2.0 EcoBlue mHEV 125 CP - Recondiţionată,FORD,172,TRANSIT CUSTOM V362 Van,853,2.0 EcoBlue mHEV,125,BLFC
1405,9,850840-5007S,13,Turbina FORD TRANSIT CUSTOM V362 Van 2.0 EcoBlue mHEV 125 CP - Recondiţionată,FORD,172,TRANSIT CUSTOM V362 Van,854,2.0 EcoBlue mHEV,125,BLFD
1406,9,850840-5007S,13,Turbina FORD TRANSIT CUSTOM V362 Van 2.0 EcoBlue 77 CP - Recondiţionată,FORD,172,TRANSIT CUSTOM V362 Van,857,2.0 EcoBlue,77,BJFA
1406,9,850840-5007S,13,Turbina FORD TRANSIT CUSTOM V362 Van 2.0 EcoBlue 77 CP - Recondiţionată,FORD,172,TRANSIT CUSTOM V362 Van,858,2.0 EcoBlue,77,BJFB
1406,9,850840-5007S,13,Turbina FORD TRANSIT CUSTOM V362 Van 2.0 EcoBlue 77 CP - Recondiţionată,FORD,172,TRANSIT CUSTOM V362 Van,860,2.0 EcoBlue,77,YLF6
1406,9,850840-5007S,13,Turbina FORD TRANSIT CUSTOM V362 Van 2.0 EcoBlue 77 CP - Recondiţionată,FORD,172,TRANSIT CUSTOM V362 Van,855,2.0 EcoBlue,77,YLFA
1406,9,850840-5007S,13,Turbina FORD TRANSIT CUSTOM V362 Van 2.0 EcoBlue 77 CP - Recondiţionată,FORD,172,TRANSIT CUSTOM V362 Van,856,2.0 EcoBlue,77,YLFB
1406,9,850840-5007S,13,Turbina FORD TRANSIT CUSTOM V362 Van 2.0 EcoBlue 77 CP - Recondiţionată,FORD,172,TRANSIT CUSTOM V362 Van,859,2.0 EcoBlue,77,YLFS
1407,9,850840-5007S,13,Turbina FORD TRANSIT CUSTOM V362 Van 2.0 EcoBlue 96 CP - Recondiţionată,FORD,172,TRANSIT CUSTOM V362 Van,863,2.0 EcoBlue,96,BKFA
1407,9,850840-5007S,13,Turbina FORD TRANSIT CUSTOM V362 Van 2.0 EcoBlue 96 CP - Recondiţionată,FORD,172,TRANSIT CUSTOM V362 Van,864,2.0 EcoBlue,96,BKFB
1407,9,850840-5007S,13,Turbina FORD TRANSIT CUSTOM V362 Van 2.0 EcoBlue 96 CP - Recondiţionată,FORD,172,TRANSIT CUSTOM V362 Van,866,2.0 EcoBlue,96,YMF6
1407,9,850840-5007S,13,Turbina FORD TRANSIT CUSTOM V362 Van 2.0 EcoBlue 96 CP - Recondiţionată,FORD,172,TRANSIT CUSTOM V362 Van,861,2.0 EcoBlue,96,YMFA
1407,9,850840-5007S,13,Turbina FORD TRANSIT CUSTOM V362 Van 2.0 EcoBlue 96 CP - Recondiţionată,FORD,172,TRANSIT CUSTOM V362 Van,862,2.0 EcoBlue,96,YMFB
1407,9,850840-5007S,13,Turbina FORD TRANSIT CUSTOM V362 Van 2.0 EcoBlue 96 CP - Recondiţionată,FORD,172,TRANSIT CUSTOM V362 Van,865,2.0 EcoBlue,96,YMFS
1408,9,850840-5007S,13,Turbina FORD TRANSIT CUSTOM V362 Van 2.0 EcoBlue mHEV 96 CP - Recondiţionată,FORD,172,TRANSIT CUSTOM V362 Van,867,2.0 EcoBlue mHEV,96,BKFC
1408,9,850840-5007S,13,Turbina FORD TRANSIT CUSTOM V362 Van 2.0 EcoBlue mHEV 96 CP - Recondiţionată,FORD,172,TRANSIT CUSTOM V362 Van,868,2.0 EcoBlue mHEV,96,BKFD
1409,9,850840-5007S,13,Turbina FORD TRANSIT CUSTOM V362 Van 2.0 EcoBlue mHEV 136 CP - Recondiţionată,FORD,172,TRANSIT CUSTOM V362 Van,870,2.0 EcoBlue mHEV,136,BCFC
1409,9,850840-5007S,13,Turbina FORD TRANSIT CUSTOM V362 Van 2.0 EcoBlue mHEV 136 CP - Recondiţionată,FORD,172,TRANSIT CUSTOM V362 Van,869,2.0 EcoBlue mHEV,136,BCFD
1410,9,850840-5007S,13,Turbina FORD TRANSIT CUSTOM V710 Bus 2.0 EcoBlue AWD 100 CP - Recondiţionată,FORD,173,TRANSIT CUSTOM V710 Bus,871,2.0 EcoBlue AWD,100,BJAA
1411,9,850840-5007S,13,Turbina FORD TRANSIT CUSTOM V710 Bus 2.0 EcoBlue 81 CP - Recondiţionată,FORD,173,TRANSIT CUSTOM V710 Bus,872,2.0 EcoBlue,81,BCFA
1412,9,850840-5007S,13,Turbina FORD TRANSIT CUSTOM V710 Bus 2.0 EcoBlue 100 CP - Recondiţionată,FORD,173,TRANSIT CUSTOM V710 Bus,873,2.0 EcoBlue,100,BJFA
1413,9,850840-5007S,13,Turbina FORD TRANSIT CUSTOM V710 Bus 2.0 EcoBlue AWD 125 CP - Recondiţionată,FORD,173,TRANSIT CUSTOM V710 Bus,874,2.0 EcoBlue AWD,125,BKAA
1414,9,850840-5007S,13,Turbina FORD TRANSIT CUSTOM V710 Bus 2.0 EcoBlue 125 CP - Recondiţionată,FORD,173,TRANSIT CUSTOM V710 Bus,875,2.0 EcoBlue,125,BKFA
1415,9,850840-5007S,13,Turbina FORD TRANSIT CUSTOM V710 Van 2.0 EcoBlue AWD 125 CP - Recondiţionată,FORD,174,TRANSIT CUSTOM V710 Van,876,2.0 EcoBlue AWD,125,BKAA
1416,9,850840-5007S,13,Turbina FORD TRANSIT CUSTOM V710 Van 2.0 EcoBlue AWD 100 CP - Recondiţionată,FORD,174,TRANSIT CUSTOM V710 Van,877,2.0 EcoBlue AWD,100,BJAA
1417,9,850840-5007S,13,Turbina FORD TRANSIT CUSTOM V710 Van 2.0 EcoBlue 100 CP - Recondiţionată,FORD,174,TRANSIT CUSTOM V710 Van,878,2.0 EcoBlue,100,BJFA
1418,9,850840-5007S,13,Turbina FORD TRANSIT CUSTOM V710 Van 2.0 EcoBlue 125 CP - Recondiţionată,FORD,174,TRANSIT CUSTOM V710 Van,879,2.0 EcoBlue,125,BKFA
1419,9,850840-5007S,13,Turbina FORD TRANSIT CUSTOM V710 Van 2.0 EcoBlue 81 CP - Recondiţionată,FORD,174,TRANSIT CUSTOM V710 Van,880,2.0 EcoBlue,81,BCFA
1420,9,850840-5007S,13,Turbina FORD TRANSIT Platform/Chassis 2.0 TDCi 92 CP - Recondiţionată,FORD,175,TRANSIT Platform/Chassis,881,2.0 TDCi,92,FIFA
1421,9,850840-5007S,13,Turbina FORD TRANSIT TOURNEO Bus 2.0 92 CP - Recondiţionată,FORD,176,TRANSIT TOURNEO Bus,882,2.0,92,FIFA
1422,9,850840-5007S,13,Turbina FORD TRANSIT V363 Bus 2.0 EcoBlue 77 CP - Recondiţionată,FORD,177,TRANSIT V363 Bus,885,2.0 EcoBlue,77,BJFA
1422,9,850840-5007S,13,Turbina FORD TRANSIT V363 Bus 2.0 EcoBlue 77 CP - Recondiţionată,FORD,177,TRANSIT V363 Bus,886,2.0 EcoBlue,77,BJFB
1422,9,850840-5007S,13,Turbina FORD TRANSIT V363 Bus 2.0 EcoBlue 77 CP - Recondiţionată,FORD,177,TRANSIT V363 Bus,888,2.0 EcoBlue,77,YLF6
1422,9,850840-5007S,13,Turbina FORD TRANSIT V363 Bus 2.0 EcoBlue 77 CP - Recondiţionată,FORD,177,TRANSIT V363 Bus,883,2.0 EcoBlue,77,YLFA
1422,9,850840-5007S,13,Turbina FORD TRANSIT V363 Bus 2.0 EcoBlue 77 CP - Recondiţionată,FORD,177,TRANSIT V363 Bus,884,2.0 EcoBlue,77,YLFB
1422,9,850840-5007S,13,Turbina FORD TRANSIT V363 Bus 2.0 EcoBlue 77 CP - Recondiţionată,FORD,177,TRANSIT V363 Bus,887,2.0 EcoBlue,77,YLFS
1423,9,850840-5007S,13,Turbina FORD TRANSIT V363 Bus 2.0 EcoBlue 125 CP - Recondiţionată,FORD,177,TRANSIT V363 Bus,891,2.0 EcoBlue,125,BLFA
1423,9,850840-5007S,13,Turbina FORD TRANSIT V363 Bus 2.0 EcoBlue 125 CP - Recondiţionată,FORD,177,TRANSIT V363 Bus,892,2.0 EcoBlue,125,BLFB
1423,9,850840-5007S,13,Turbina FORD TRANSIT V363 Bus 2.0 EcoBlue 125 CP - Recondiţionată,FORD,177,TRANSIT V363 Bus,894,2.0 EcoBlue,125,YNF6
1423,9,850840-5007S,13,Turbina FORD TRANSIT V363 Bus 2.0 EcoBlue 125 CP - Recondiţionată,FORD,177,TRANSIT V363 Bus,889,2.0 EcoBlue,125,YNFA
1423,9,850840-5007S,13,Turbina FORD TRANSIT V363 Bus 2.0 EcoBlue 125 CP - Recondiţionată,FORD,177,TRANSIT V363 Bus,890,2.0 EcoBlue,125,YNFB
1423,9,850840-5007S,13,Turbina FORD TRANSIT V363 Bus 2.0 EcoBlue 125 CP - Recondiţionată,FORD,177,TRANSIT V363 Bus,893,2.0 EcoBlue,125,YNFS
1424,9,850840-5007S,13,Turbina FORD TRANSIT V363 Bus 2.0 EcoBlue 96 CP - Recondiţionată,FORD,177,TRANSIT V363 Bus,897,2.0 EcoBlue,96,BKFA
1424,9,850840-5007S,13,Turbina FORD TRANSIT V363 Bus 2.0 EcoBlue 96 CP - Recondiţionată,FORD,177,TRANSIT V363 Bus,898,2.0 EcoBlue,96,BKFB
1424,9,850840-5007S,13,Turbina FORD TRANSIT V363 Bus 2.0 EcoBlue 96 CP - Recondiţionată,FORD,177,TRANSIT V363 Bus,900,2.0 EcoBlue,96,YMF6
1424,9,850840-5007S,13,Turbina FORD TRANSIT V363 Bus 2.0 EcoBlue 96 CP - Recondiţionată,FORD,177,TRANSIT V363 Bus,895,2.0 EcoBlue,96,YMFA
1424,9,850840-5007S,13,Turbina FORD TRANSIT V363 Bus 2.0 EcoBlue 96 CP - Recondiţionată,FORD,177,TRANSIT V363 Bus,896,2.0 EcoBlue,96,YMFB
1424,9,850840-5007S,13,Turbina FORD TRANSIT V363 Bus 2.0 EcoBlue 96 CP - Recondiţionată,FORD,177,TRANSIT V363 Bus,899,2.0 EcoBlue,96,YMFS
1425,9,850840-5007S,13,Turbina FORD TRANSIT V363 Bus 2.0 EcoBlue mHEV 125 CP - Recondiţionată,FORD,177,TRANSIT V363 Bus,901,2.0 EcoBlue mHEV,125,BLFC
1425,9,850840-5007S,13,Turbina FORD TRANSIT V363 Bus 2.0 EcoBlue mHEV 125 CP - Recondiţionată,FORD,177,TRANSIT V363 Bus,902,2.0 EcoBlue mHEV,125,BLFD
1426,9,850840-5007S,13,Turbina FORD TRANSIT V363 Bus 2.0 EcoBlue mHEV 96 CP - Recondiţionată,FORD,177,TRANSIT V363 Bus,903,2.0 EcoBlue mHEV,96,BKFC
1426,9,850840-5007S,13,Turbina FORD TRANSIT V363 Bus 2.0 EcoBlue mHEV 96 CP - Recondiţionată,FORD,177,TRANSIT V363 Bus,904,2.0 EcoBlue mHEV,96,BKFD
1427,9,850840-5007S,13,Turbina FORD TRANSIT V363 Bus 2.0 EcoBlue 121 CP - Recondiţionată,FORD,177,TRANSIT V363 Bus,905,2.0 EcoBlue,121,BLFB
1428,9,850840-5007S,13,Turbina FORD TRANSIT V363 Bus 2.0 EcoBlue RWD 121 CP - Recondiţionată,FORD,177,TRANSIT V363 Bus,906,2.0 EcoBlue RWD,121,BLHA
1429,9,850840-5007S,13,Turbina FORD TRANSIT V363 Bus 2.0 EcoBlue RWD 96 CP - Recondiţionată,FORD,177,TRANSIT V363 Bus,908,2.0 EcoBlue RWD,96,BKHA
1429,9,850840-5007S,13,Turbina FORD TRANSIT V363 Bus 2.0 EcoBlue RWD 96 CP - Recondiţionată,FORD,177,TRANSIT V363 Bus,907,2.0 EcoBlue RWD,96,YMHA
1430,9,850840-5007S,13,Turbina FORD TRANSIT V363 Bus 2.0 EcoBlue RWD 125 CP - Recondiţionată,FORD,177,TRANSIT V363 Bus,909,2.0 EcoBlue RWD,125,BLHA
1430,9,850840-5007S,13,Turbina FORD TRANSIT V363 Bus 2.0 EcoBlue RWD 125 CP - Recondiţionată,FORD,177,TRANSIT V363 Bus,910,2.0 EcoBlue RWD,125,YNHA
1431,9,850840-5007S,13,Turbina FORD TRANSIT V363 Platform/Chassis 2.0 EcoBlue mHEV 96 CP - Recondiţionată,FORD,178,TRANSIT V363 Platform/Chassis,911,2.0 EcoBlue mHEV,96,BKFC
1431,9,850840-5007S,13,Turbina FORD TRANSIT V363 Platform/Chassis 2.0 EcoBlue mHEV 96 CP - Recondiţionată,FORD,178,TRANSIT V363 Platform/Chassis,912,2.0 EcoBlue mHEV,96,BKFD
1432,9,850840-5007S,13,Turbina FORD TRANSIT V363 Platform/Chassis 2.0 EcoBlue 4x4 121 CP - Recondiţionată,FORD,178,TRANSIT V363 Platform/Chassis,913,2.0 EcoBlue 4x4,121,BLAA
1433,9,850840-5007S,13,Turbina FORD TRANSIT V363 Platform/Chassis 2.0 EcoBlue RWD 96 CP - Recondiţionată,FORD,178,TRANSIT V363 Platform/Chassis,915,2.0 EcoBlue RWD,96,BKRA
1433,9,850840-5007S,13,Turbina FORD TRANSIT V363 Platform/Chassis 2.0 EcoBlue RWD 96 CP - Recondiţionată,FORD,178,TRANSIT V363 Platform/Chassis,914,2.0 EcoBlue RWD,96,YMHA
1433,9,850840-5007S,13,Turbina FORD TRANSIT V363 Platform/Chassis 2.0 EcoBlue RWD 96 CP - Recondiţionată,FORD,178,TRANSIT V363 Platform/Chassis,916,2.0 EcoBlue RWD,96,YMR6
1434,9,850840-5007S,13,Turbina FORD TRANSIT V363 Platform/Chassis 2.0 EcoBlue 96 CP - Recondiţionată,FORD,178,TRANSIT V363 Platform/Chassis,919,2.0 EcoBlue,96,BKFA
1434,9,850840-5007S,13,Turbina FORD TRANSIT V363 Platform/Chassis 2.0 EcoBlue 96 CP - Recondiţionată,FORD,178,TRANSIT V363 Platform/Chassis,920,2.0 EcoBlue,96,BKFB
1434,9,850840-5007S,13,Turbina FORD TRANSIT V363 Platform/Chassis 2.0 EcoBlue 96 CP - Recondiţionată,FORD,178,TRANSIT V363 Platform/Chassis,922,2.0 EcoBlue,96,YMF6
1434,9,850840-5007S,13,Turbina FORD TRANSIT V363 Platform/Chassis 2.0 EcoBlue 96 CP - Recondiţionată,FORD,178,TRANSIT V363 Platform/Chassis,917,2.0 EcoBlue,96,YMFA
1434,9,850840-5007S,13,Turbina FORD TRANSIT V363 Platform/Chassis 2.0 EcoBlue 96 CP - Recondiţionată,FORD,178,TRANSIT V363 Platform/Chassis,918,2.0 EcoBlue,96,YMFB
1434,9,850840-5007S,13,Turbina FORD TRANSIT V363 Platform/Chassis 2.0 EcoBlue 96 CP - Recondiţionată,FORD,178,TRANSIT V363 Platform/Chassis,921,2.0 EcoBlue,96,YMFS
1435,9,850840-5007S,13,Turbina FORD TRANSIT V363 Platform/Chassis 2.0 EcoBlue RWD 125 CP - Recondiţionată,FORD,178,TRANSIT V363 Platform/Chassis,923,2.0 EcoBlue RWD,125,BLHA
1435,9,850840-5007S,13,Turbina FORD TRANSIT V363 Platform/Chassis 2.0 EcoBlue RWD 125 CP - Recondiţionată,FORD,178,TRANSIT V363 Platform/Chassis,924,2.0 EcoBlue RWD,125,BLRA
1435,9,850840-5007S,13,Turbina FORD TRANSIT V363 Platform/Chassis 2.0 EcoBlue RWD 125 CP - Recondiţionată,FORD,178,TRANSIT V363 Platform/Chassis,926,2.0 EcoBlue RWD,125,YNHA
1435,9,850840-5007S,13,Turbina FORD TRANSIT V363 Platform/Chassis 2.0 EcoBlue RWD 125 CP - Recondiţionată,FORD,178,TRANSIT V363 Platform/Chassis,925,2.0 EcoBlue RWD,125,YNR6
1436,9,850840-5007S,13,Turbina FORD TRANSIT V363 Platform/Chassis 2.0 EcoBlue mHEV 125 CP - Recondiţionată,FORD,178,TRANSIT V363 Platform/Chassis,927,2.0 EcoBlue mHEV,125,BLFC
1436,9,850840-5007S,13,Turbina FORD TRANSIT V363 Platform/Chassis 2.0 EcoBlue mHEV 125 CP - Recondiţionată,FORD,178,TRANSIT V363 Platform/Chassis,928,2.0 EcoBlue mHEV,125,BLFD
1437,9,850840-5007S,13,Turbina FORD TRANSIT V363 Platform/Chassis 2.0 EcoBlue RWD 121 CP - Recondiţionată,FORD,178,TRANSIT V363 Platform/Chassis,929,2.0 EcoBlue RWD,121,BLHA
1438,9,850840-5007S,13,Turbina FORD TRANSIT V363 Platform/Chassis 2.0 EcoBlue 4x4 96 CP - Recondiţionată,FORD,178,TRANSIT V363 Platform/Chassis,930,2.0 EcoBlue 4x4,96,BKRA
1438,9,850840-5007S,13,Turbina FORD TRANSIT V363 Platform/Chassis 2.0 EcoBlue 4x4 96 CP - Recondiţionată,FORD,178,TRANSIT V363 Platform/Chassis,932,2.0 EcoBlue 4x4,96,YMR6
1438,9,850840-5007S,13,Turbina FORD TRANSIT V363 Platform/Chassis 2.0 EcoBlue 4x4 96 CP - Recondiţionată,FORD,178,TRANSIT V363 Platform/Chassis,931,2.0 EcoBlue 4x4,96,YMRA
1439,9,850840-5007S,13,Turbina FORD TRANSIT V363 Platform/Chassis 2.0 EcoBlue 121 CP - Recondiţionată,FORD,178,TRANSIT V363 Platform/Chassis,933,2.0 EcoBlue,121,BLFB
1440,9,850840-5007S,13,Turbina FORD TRANSIT V363 Platform/Chassis 2.0 EcoBlue 125 CP - Recondiţionată,FORD,178,TRANSIT V363 Platform/Chassis,936,2.0 EcoBlue,125,BLFA
1440,9,850840-5007S,13,Turbina FORD TRANSIT V363 Platform/Chassis 2.0 EcoBlue 125 CP - Recondiţionată,FORD,178,TRANSIT V363 Platform/Chassis,937,2.0 EcoBlue,125,BLFB
1440,9,850840-5007S,13,Turbina FORD TRANSIT V363 Platform/Chassis 2.0 EcoBlue 125 CP - Recondiţionată,FORD,178,TRANSIT V363 Platform/Chassis,939,2.0 EcoBlue,125,YNF6
1440,9,850840-5007S,13,Turbina FORD TRANSIT V363 Platform/Chassis 2.0 EcoBlue 125 CP - Recondiţionată,FORD,178,TRANSIT V363 Platform/Chassis,934,2.0 EcoBlue,125,YNFA
1440,9,850840-5007S,13,Turbina FORD TRANSIT V363 Platform/Chassis 2.0 EcoBlue 125 CP - Recondiţionată,FORD,178,TRANSIT V363 Platform/Chassis,935,2.0 EcoBlue,125,YNFB
1440,9,850840-5007S,13,Turbina FORD TRANSIT V363 Platform/Chassis 2.0 EcoBlue 125 CP - Recondiţionată,FORD,178,TRANSIT V363 Platform/Chassis,938,2.0 EcoBlue,125,YNFS
1441,9,850840-5007S,13,Turbina FORD TRANSIT V363 Platform/Chassis 2.0 EcoBlue 4x4 125 CP - Recondiţionată,FORD,178,TRANSIT V363 Platform/Chassis,940,2.0 EcoBlue 4x4,125,BLRA
1441,9,850840-5007S,13,Turbina FORD TRANSIT V363 Platform/Chassis 2.0 EcoBlue 4x4 125 CP - Recondiţionată,FORD,178,TRANSIT V363 Platform/Chassis,941,2.0 EcoBlue 4x4,125,YNR6
1441,9,850840-5007S,13,Turbina FORD TRANSIT V363 Platform/Chassis 2.0 EcoBlue 4x4 125 CP - Recondiţionată,FORD,178,TRANSIT V363 Platform/Chassis,942,2.0 EcoBlue 4x4,125,YNRB
1442,9,850840-5007S,13,Turbina FORD TRANSIT V363 Platform/Chassis 2.0 EcoBlue 77 CP - Recondiţionată,FORD,178,TRANSIT V363 Platform/Chassis,945,2.0 EcoBlue,77,BJFA
1442,9,850840-5007S,13,Turbina FORD TRANSIT V363 Platform/Chassis 2.0 EcoBlue 77 CP - Recondiţionată,FORD,178,TRANSIT V363 Platform/Chassis,946,2.0 EcoBlue,77,BJFB
1442,9,850840-5007S,13,Turbina FORD TRANSIT V363 Platform/Chassis 2.0 EcoBlue 77 CP - Recondiţionată,FORD,178,TRANSIT V363 Platform/Chassis,948,2.0 EcoBlue,77,YLF6
1442,9,850840-5007S,13,Turbina FORD TRANSIT V363 Platform/Chassis 2.0 EcoBlue 77 CP - Recondiţionată,FORD,178,TRANSIT V363 Platform/Chassis,943,2.0 EcoBlue,77,YLFA
1442,9,850840-5007S,13,Turbina FORD TRANSIT V363 Platform/Chassis 2.0 EcoBlue 77 CP - Recondiţionată,FORD,178,TRANSIT V363 Platform/Chassis,944,2.0 EcoBlue,77,YLFB
1442,9,850840-5007S,13,Turbina FORD TRANSIT V363 Platform/Chassis 2.0 EcoBlue 77 CP - Recondiţionată,FORD,178,TRANSIT V363 Platform/Chassis,947,2.0 EcoBlue,77,YLFS
1443,9,850840-5007S,13,Turbina FORD TRANSIT V363 Platform/Chassis 2.0 EcoBlue RWD 77 CP - Recondiţionată,FORD,178,TRANSIT V363 Platform/Chassis,950,2.0 EcoBlue RWD,77,BJRA
1443,9,850840-5007S,13,Turbina FORD TRANSIT V363 Platform/Chassis 2.0 EcoBlue RWD 77 CP - Recondiţionată,FORD,178,TRANSIT V363 Platform/Chassis,951,2.0 EcoBlue RWD,77,YLR6
1443,9,850840-5007S,13,Turbina FORD TRANSIT V363 Platform/Chassis 2.0 EcoBlue RWD 77 CP - Recondiţionată,FORD,178,TRANSIT V363 Platform/Chassis,949,2.0 EcoBlue RWD,77,YLRA
1444,9,850840-5007S,13,Turbina FORD TRANSIT V363 Van 2.0 EcoBlue 125 CP - Recondiţionată,FORD,179,TRANSIT V363 Van,954,2.0 EcoBlue,125,BLFA
1444,9,850840-5007S,13,Turbina FORD TRANSIT V363 Van 2.0 EcoBlue 125 CP - Recondiţionată,FORD,179,TRANSIT V363 Van,955,2.0 EcoBlue,125,BLFB
1444,9,850840-5007S,13,Turbina FORD TRANSIT V363 Van 2.0 EcoBlue 125 CP - Recondiţionată,FORD,179,TRANSIT V363 Van,957,2.0 EcoBlue,125,YNF6
1444,9,850840-5007S,13,Turbina FORD TRANSIT V363 Van 2.0 EcoBlue 125 CP - Recondiţionată,FORD,179,TRANSIT V363 Van,952,2.0 EcoBlue,125,YNFA
1444,9,850840-5007S,13,Turbina FORD TRANSIT V363 Van 2.0 EcoBlue 125 CP - Recondiţionată,FORD,179,TRANSIT V363 Van,953,2.0 EcoBlue,125,YNFB
1444,9,850840-5007S,13,Turbina FORD TRANSIT V363 Van 2.0 EcoBlue 125 CP - Recondiţionată,FORD,179,TRANSIT V363 Van,956,2.0 EcoBlue,125,YNFS
1445,9,850840-5007S,13,Turbina FORD TRANSIT V363 Van 2.0 EcoBlue 4x4 125 CP - Recondiţionată,FORD,179,TRANSIT V363 Van,958,2.0 EcoBlue 4x4,125,BLRA
1445,9,850840-5007S,13,Turbina FORD TRANSIT V363 Van 2.0 EcoBlue 4x4 125 CP - Recondiţionată,FORD,179,TRANSIT V363 Van,959,2.0 EcoBlue 4x4,125,YNR6
1445,9,850840-5007S,13,Turbina FORD TRANSIT V363 Van 2.0 EcoBlue 4x4 125 CP - Recondiţionată,FORD,179,TRANSIT V363 Van,960,2.0 EcoBlue 4x4,125,YNRB
1446,9,850840-5007S,13,Turbina FORD TRANSIT V363 Van 2.0 EcoBlue 4x4 96 CP - Recondiţionată,FORD,179,TRANSIT V363 Van,961,2.0 EcoBlue 4x4,96,BKRA
1446,9,850840-5007S,13,Turbina FORD TRANSIT V363 Van 2.0 EcoBlue 4x4 96 CP - Recondiţionată,FORD,179,TRANSIT V363 Van,963,2.0 EcoBlue 4x4,96,YMR6
1446,9,850840-5007S,13,Turbina FORD TRANSIT V363 Van 2.0 EcoBlue 4x4 96 CP - Recondiţionată,FORD,179,TRANSIT V363 Van,962,2.0 EcoBlue 4x4,96,YMRA
1447,9,850840-5007S,13,Turbina FORD TRANSIT V363 Van 2.0 EcoBlue RWD 77 CP - Recondiţionată,FORD,179,TRANSIT V363 Van,965,2.0 EcoBlue RWD,77,BJRA
1447,9,850840-5007S,13,Turbina FORD TRANSIT V363 Van 2.0 EcoBlue RWD 77 CP - Recondiţionată,FORD,179,TRANSIT V363 Van,966,2.0 EcoBlue RWD,77,YLR6
1447,9,850840-5007S,13,Turbina FORD TRANSIT V363 Van 2.0 EcoBlue RWD 77 CP - Recondiţionată,FORD,179,TRANSIT V363 Van,964,2.0 EcoBlue RWD,77,YLRA
1448,9,850840-5007S,13,Turbina FORD TRANSIT V363 Van 2.0 EcoBlue 77 CP - Recondiţionată,FORD,179,TRANSIT V363 Van,968,2.0 EcoBlue,77,BJFA
1448,9,850840-5007S,13,Turbina FORD TRANSIT V363 Van 2.0 EcoBlue 77 CP - Recondiţionată,FORD,179,TRANSIT V363 Van,969,2.0 EcoBlue,77,BJFB
1448,9,850840-5007S,13,Turbina FORD TRANSIT V363 Van 2.0 EcoBlue 77 CP - Recondiţionată,FORD,179,TRANSIT V363 Van,972,2.0 EcoBlue,77,YLF6
1448,9,850840-5007S,13,Turbina FORD TRANSIT V363 Van 2.0 EcoBlue 77 CP - Recondiţionată,FORD,179,TRANSIT V363 Van,970,2.0 EcoBlue,77,YLFA
1448,9,850840-5007S,13,Turbina FORD TRANSIT V363 Van 2.0 EcoBlue 77 CP - Recondiţionată,FORD,179,TRANSIT V363 Van,967,2.0 EcoBlue,77,YLFB
1448,9,850840-5007S,13,Turbina FORD TRANSIT V363 Van 2.0 EcoBlue 77 CP - Recondiţionată,FORD,179,TRANSIT V363 Van,971,2.0 EcoBlue,77,YLFS
1449,9,850840-5007S,13,Turbina FORD TRANSIT V363 Van 2.0 EcoBlue 96 CP - Recondiţionată,FORD,179,TRANSIT V363 Van,975,2.0 EcoBlue,96,BKFA
1449,9,850840-5007S,13,Turbina FORD TRANSIT V363 Van 2.0 EcoBlue 96 CP - Recondiţionată,FORD,179,TRANSIT V363 Van,976,2.0 EcoBlue,96,BKFB
1449,9,850840-5007S,13,Turbina FORD TRANSIT V363 Van 2.0 EcoBlue 96 CP - Recondiţionată,FORD,179,TRANSIT V363 Van,978,2.0 EcoBlue,96,YMF6
1449,9,850840-5007S,13,Turbina FORD TRANSIT V363 Van 2.0 EcoBlue 96 CP - Recondiţionată,FORD,179,TRANSIT V363 Van,973,2.0 EcoBlue,96,YMFA
1449,9,850840-5007S,13,Turbina FORD TRANSIT V363 Van 2.0 EcoBlue 96 CP - Recondiţionată,FORD,179,TRANSIT V363 Van,974,2.0 EcoBlue,96,YMFB
1449,9,850840-5007S,13,Turbina FORD TRANSIT V363 Van 2.0 EcoBlue 96 CP - Recondiţionată,FORD,179,TRANSIT V363 Van,977,2.0 EcoBlue,96,YMFS
1450,9,850840-5007S,13,Turbina FORD TRANSIT V363 Van 2.0 EcoBlue 4x4 121 CP - Recondiţionată,FORD,179,TRANSIT V363 Van,979,2.0 EcoBlue 4x4,121,BLAA
1451,9,850840-5007S,13,Turbina FORD TRANSIT V363 Van 2.0 EcoBlue 121 CP - Recondiţionată,FORD,179,TRANSIT V363 Van,980,2.0 EcoBlue,121,BLFB
1452,9,850840-5007S,13,Turbina FORD TRANSIT V363 Van 2.0 EcoBlue RWD 121 CP - Recondiţionată,FORD,179,TRANSIT V363 Van,981,2.0 EcoBlue RWD,121,BLHA
1453,9,850840-5007S,13,Turbina FORD TRANSIT V363 Van 2.0 EcoBlue mHEV 125 CP - Recondiţionată,FORD,179,TRANSIT V363 Van,982,2.0 EcoBlue mHEV,125,BLFC
1453,9,850840-5007S,13,Turbina FORD TRANSIT V363 Van 2.0 EcoBlue mHEV 125 CP - Recondiţionată,FORD,179,TRANSIT V363 Van,983,2.0 EcoBlue mHEV,125,BLFD
1454,9,850840-5007S,13,Turbina FORD TRANSIT V363 Van 2.0 EcoBlue mHEV 96 CP - Recondiţionată,FORD,179,TRANSIT V363 Van,984,2.0 EcoBlue mHEV,96,BKFC
1454,9,850840-5007S,13,Turbina FORD TRANSIT V363 Van 2.0 EcoBlue mHEV 96 CP - Recondiţionată,FORD,179,TRANSIT V363 Van,985,2.0 EcoBlue mHEV,96,BKFD
1455,9,850840-5007S,13,Turbina FORD TRANSIT V363 Van 2.0 EcoBlue RWD 125 CP - Recondiţionată,FORD,179,TRANSIT V363 Van,986,2.0 EcoBlue RWD,125,BLHA
1455,9,850840-5007S,13,Turbina FORD TRANSIT V363 Van 2.0 EcoBlue RWD 125 CP - Recondiţionată,FORD,179,TRANSIT V363 Van,987,2.0 EcoBlue RWD,125,BLRA
1455,9,850840-5007S,13,Turbina FORD TRANSIT V363 Van 2.0 EcoBlue RWD 125 CP - Recondiţionată,FORD,179,TRANSIT V363 Van,989,2.0 EcoBlue RWD,125,YNHA
1455,9,850840-5007S,13,Turbina FORD TRANSIT V363 Van 2.0 EcoBlue RWD 125 CP - Recondiţionată,FORD,179,TRANSIT V363 Van,988,2.0 EcoBlue RWD,125,YNR6
1456,9,850840-5007S,13,Turbina FORD TRANSIT V363 Van 2.0 EcoBlue RWD 96 CP - Recondiţionată,FORD,179,TRANSIT V363 Van,992,2.0 EcoBlue RWD,96,BKRA
1456,9,850840-5007S,13,Turbina FORD TRANSIT V363 Van 2.0 EcoBlue RWD 96 CP - Recondiţionată,FORD,179,TRANSIT V363 Van,990,2.0 EcoBlue RWD,96,YMHA
1456,9,850840-5007S,13,Turbina FORD TRANSIT V363 Van 2.0 EcoBlue RWD 96 CP - Recondiţionată,FORD,179,TRANSIT V363 Van,991,2.0 EcoBlue RWD,96,YMR6
1457,9,850840-5007S,13,Turbina FORD TRANSIT Van 2.0 TDCi 92 CP - Recondiţionată,FORD,180,TRANSIT Van,993,2.0 TDCi,92,FIFA
1458,9,850840-5007S,14,Turbina FORD USA RANGER Cab & Chassis 2.0 EcoBlue 4x4 125 CP - Recondiţionată,FORD USA,181,RANGER Cab & Chassis,994,2.0 EcoBlue 4x4,125,P02X
1459,9,850840-5007S,14,Turbina FORD USA RANGER Cab & Chassis 2.0 EcoBlue 125 CP - Recondiţionată,FORD USA,181,RANGER Cab & Chassis,995,2.0 EcoBlue,125,P02X
1460,9,850840-5007S,14,Turbina FORD USA RANGER Extended Cab Pickup 2.0 EcoBlue AWD 125 CP - Recondiţionată,FORD USA,182,RANGER Extended Cab Pickup,996,2.0 EcoBlue AWD,125,P02X
1461,9,850840-5007S,14,Turbina FORD USA RANGER Extended Cab Pickup 2.0 EcoBlue 125 CP - Recondiţionată,FORD USA,182,RANGER Extended Cab Pickup,997,2.0 EcoBlue,125,P02X
1462,9,850840-5007S,14,Turbina FORD USA RANGER Standard Cab Pickup 2.0 EcoBlue 125 CP - Recondiţionată,FORD USA,183,RANGER Standard Cab Pickup,998,2.0 EcoBlue,125,P02X
1463,9,850840-5007S,14,Turbina FORD USA RANGER Standard Cab Pickup 2.0 EcoBlue 4x4 125 CP - Recondiţionată,FORD USA,183,RANGER Standard Cab Pickup,999,2.0 EcoBlue 4x4,125,P02X
1464,6,03L253010G,1,Turbina AUDI A3 2.0 TDI 16V 103 CP - Recondiţionată,Audi,2,A3,423,2.0 TDI 16V,103,BKD
1464,6,03L253010G,1,Turbina AUDI A3 2.0 TDI 16V 103 CP - Recondiţionată,Audi,2,A3,424,2.0 TDI 16V,103,CBAB
1464,6,03L253010G,1,Turbina AUDI A3 2.0 TDI 16V 103 CP - Recondiţionată,Audi,2,A3,420,2.0 TDI 16V,103,CBEA
1464,6,03L253010G,1,Turbina AUDI A3 2.0 TDI 16V 103 CP - Recondiţionată,Audi,2,A3,422,2.0 TDI 16V,103,CFFB
1464,6,03L253010G,1,Turbina AUDI A3 2.0 TDI 16V 103 CP - Recondiţionată,Audi,2,A3,421,2.0 TDI 16V,103,CLJA
1465,6,03L253010G,1,Turbina AUDI A3 2.0 TDI 16V quattro 103 CP - Recondiţionată,Audi,2,A3,426,2.0 TDI 16V quattro,103,BKD
1465,6,03L253010G,1,Turbina AUDI A3 2.0 TDI 16V quattro 103 CP - Recondiţionată,Audi,2,A3,427,2.0 TDI 16V quattro,103,CBAB
1465,6,03L253010G,1,Turbina AUDI A3 2.0 TDI 16V quattro 103 CP - Recondiţionată,Audi,2,A3,425,2.0 TDI 16V quattro,103,CFFB
1466,6,03L253010G,1,Turbina AUDI A3 2.0 TDI 100 CP - Recondiţionată,Audi,2,A3,428,2.0 TDI,100,AZV
1466,6,03L253010G,1,Turbina AUDI A3 2.0 TDI 100 CP - Recondiţionată,Audi,2,A3,430,2.0 TDI,100,CBAA
1466,6,03L253010G,1,Turbina AUDI A3 2.0 TDI 100 CP - Recondiţionată,Audi,2,A3,429,2.0 TDI,100,CFFA
1467,6,03L253010G,1,Turbina AUDI ASeria 3 Cabrio 2.0 TDI 100 CP - Recondiţionată,Audi,3,ASeria 3 Cabrio,432,2.0 TDI,100,CBAA
1467,6,03L253010G,1,Turbina AUDI ASeria 3 Cabrio 2.0 TDI 100 CP - Recondiţionată,Audi,3,ASeria 3 Cabrio,431,2.0 TDI,100,CFFA
1468,6,03L253010G,1,Turbina AUDI ASeria 3 Cabrio 2.0 TDI 103 CP - Recondiţionată,Audi,3,ASeria 3 Cabrio,434,2.0 TDI,103,CBAB
1468,6,03L253010G,1,Turbina AUDI ASeria 3 Cabrio 2.0 TDI 103 CP - Recondiţionată,Audi,3,ASeria 3 Cabrio,433,2.0 TDI,103,CFFB
1469,6,03L253010G,1,Turbina AUDI A3 Sportback 2.0 TDI 16V quattro 103 CP - Recondiţionată,Audi,5,A3 Sportback,436,2.0 TDI 16V quattro,103,BKD
1469,6,03L253010G,1,Turbina AUDI A3 Sportback 2.0 TDI 16V quattro 103 CP - Recondiţionată,Audi,5,A3 Sportback,437,2.0 TDI 16V quattro,103,CBAB
1469,6,03L253010G,1,Turbina AUDI A3 Sportback 2.0 TDI 16V quattro 103 CP - Recondiţionată,Audi,5,A3 Sportback,435,2.0 TDI 16V quattro,103,CFFB
1470,6,03L253010G,1,Turbina AUDI A3 Sportback 2.0 TDI 16V 103 CP - Recondiţionată,Audi,5,A3 Sportback,441,2.0 TDI 16V,103,BKD
1470,6,03L253010G,1,Turbina AUDI A3 Sportback 2.0 TDI 16V 103 CP - Recondiţionată,Audi,5,A3 Sportback,442,2.0 TDI 16V,103,CBAB
1470,6,03L253010G,1,Turbina AUDI A3 Sportback 2.0 TDI 16V 103 CP - Recondiţionată,Audi,5,A3 Sportback,438,2.0 TDI 16V,103,CBEA
1470,6,03L253010G,1,Turbina AUDI A3 Sportback 2.0 TDI 16V 103 CP - Recondiţionată,Audi,5,A3 Sportback,440,2.0 TDI 16V,103,CFFB
1470,6,03L253010G,1,Turbina AUDI A3 Sportback 2.0 TDI 16V 103 CP - Recondiţionată,Audi,5,A3 Sportback,439,2.0 TDI 16V,103,CLJA
1471,6,03L253010G,1,Turbina AUDI A3 Sportback 2.0 TDI 100 CP - Recondiţionată,Audi,5,A3 Sportback,443,2.0 TDI,100,AZV
1471,6,03L253010G,1,Turbina AUDI A3 Sportback 2.0 TDI 100 CP - Recondiţionată,Audi,5,A3 Sportback,445,2.0 TDI,100,CBAA
1471,6,03L253010G,1,Turbina AUDI A3 Sportback 2.0 TDI 100 CP - Recondiţionată,Audi,5,A3 Sportback,444,2.0 TDI,100,CFFA
1472,6,03L253010G,1,Turbina AUDI Q3 2.0 TDI 100 CP - Recondiţionată,Audi,7,Q3,56,2.0 TDI,100,CFFA
1472,6,03L253010G,1,Turbina AUDI Q3 2.0 TDI 100 CP - Recondiţionată,Audi,7,Q3,55,2.0 TDI,100,CUVB
1472,6,03L253010G,1,Turbina AUDI Q3 2.0 TDI 100 CP - Recondiţionată,Audi,7,Q3,54,2.0 TDI,100,DFTB
1473,6,03L253010G,1,Turbina AUDI Q3 2.0 TDI quattro 103 CP - Recondiţionată,Audi,7,Q3,446,2.0 TDI quattro,103,CFFB
1474,6,03L253010G,1,Turbina AUDI Q3 2.0 TDI 103 CP - Recondiţionată,Audi,7,Q3,448,2.0 TDI,103,CFFB
1474,6,03L253010G,1,Turbina AUDI Q3 2.0 TDI 103 CP - Recondiţionată,Audi,7,Q3,447,2.0 TDI,103,CLJA
1475,6,03L253010G,2,Turbina SEAT ALHAMBRA 2.0 TDI 4Drive 103 CP - Recondiţionată,SEAT,9,ALHAMBRA,449,2.0 TDI 4Drive,103,CFFB
1476,6,03L253010G,2,Turbina SEAT ALHAMBRA 2.0 TDI 100 CP - Recondiţionată,SEAT,9,ALHAMBRA,450,2.0 TDI,100,CFFA
1477,6,03L253010G,2,Turbina SEAT ALHAMBRA 2.0 TDI 103 CP - Recondiţionată,SEAT,9,ALHAMBRA,451,2.0 TDI,103,CFFB
1478,6,03L253010G,2,Turbina SEAT ALHAMBRA 2.0 TDI 85 CP - Recondiţionată,SEAT,9,ALHAMBRA,82,2.0 TDI,85,CFFE
1478,6,03L253010G,2,Turbina SEAT ALHAMBRA 2.0 TDI 85 CP - Recondiţionată,SEAT,9,ALHAMBRA,83,2.0 TDI,85,CUVA
1478,6,03L253010G,2,Turbina SEAT ALHAMBRA 2.0 TDI 85 CP - Recondiţionată,SEAT,9,ALHAMBRA,85,2.0 TDI,85,DFLD
1478,6,03L253010G,2,Turbina SEAT ALHAMBRA 2.0 TDI 85 CP - Recondiţionată,SEAT,9,ALHAMBRA,84,2.0 TDI,85,DLTC
1479,6,03L253010G,2,Turbina SEAT ALTEA 2.0 TDI 16V 103 CP - Recondiţionată,SEAT,93,ALTEA,453,2.0 TDI 16V,103,BKD
1479,6,03L253010G,2,Turbina SEAT ALTEA 2.0 TDI 16V 103 CP - Recondiţionată,SEAT,93,ALTEA,452,2.0 TDI 16V,103,CFHC
1480,6,03L253010G,2,Turbina SEAT ALTEA XL 2.0 TDI 16V 103 CP - Recondiţionată,SEAT,94,ALTEA XL,455,2.0 TDI 16V,103,BKD
1480,6,03L253010G,2,Turbina SEAT ALTEA XL 2.0 TDI 16V 103 CP - Recondiţionată,SEAT,94,ALTEA XL,454,2.0 TDI 16V,103,CFHC
1481,6,03L253010G,2,Turbina SEAT ALTEA XL 2.0 TDI 16V 4x4 103 CP - Recondiţionată,SEAT,94,ALTEA XL,456,2.0 TDI 16V 4x4,103,CFHC
1482,6,03L253010G,2,Turbina SEAT LEON 2.0 TDI 16V 103 CP - Recondiţionată,SEAT,12,LEON,459,2.0 TDI 16V,103,BKD
1482,6,03L253010G,2,Turbina SEAT LEON 2.0 TDI 16V 103 CP - Recondiţionată,SEAT,12,LEON,458,2.0 TDI 16V,103,CFHC
1482,6,03L253010G,2,Turbina SEAT LEON 2.0 TDI 16V 103 CP - Recondiţionată,SEAT,12,LEON,457,2.0 TDI 16V,103,CLCB
1483,6,03L253010G,3,Turbina SKODA OCTAVIA II 2.0 TDI 81 CP - Recondiţionată,SKODA,95,OCTAVIA II,460,2.0 TDI,81,CFHF
1483,6,03L253010G,3,Turbina SKODA OCTAVIA II 2.0 TDI 81 CP - Recondiţionată,SKODA,95,OCTAVIA II,461,2.0 TDI,81,CLCA
1484,6,03L253010G,3,Turbina SKODA OCTAVIA II 2.0 TDI 16V 103 CP - Recondiţionată,SKODA,95,OCTAVIA II,462,2.0 TDI 16V,103,BKD
1484,6,03L253010G,3,Turbina SKODA OCTAVIA II 2.0 TDI 16V 103 CP - Recondiţionată,SKODA,95,OCTAVIA II,464,2.0 TDI 16V,103,CFHC
1484,6,03L253010G,3,Turbina SKODA OCTAVIA II 2.0 TDI 16V 103 CP - Recondiţionată,SKODA,95,OCTAVIA II,463,2.0 TDI 16V,103,CLCB
1485,6,03L253010G,3,Turbina SKODA OCTAVIA II Combi 2.0 TDI 81 CP - Recondiţionată,SKODA,96,OCTAVIA II Combi,465,2.0 TDI,81,CFHF
1485,6,03L253010G,3,Turbina SKODA OCTAVIA II Combi 2.0 TDI 81 CP - Recondiţionată,SKODA,96,OCTAVIA II Combi,466,2.0 TDI,81,CLCA
1486,6,03L253010G,3,Turbina SKODA OCTAVIA II Combi 2.0 TDI 16V 103 CP - Recondiţionată,SKODA,96,OCTAVIA II Combi,467,2.0 TDI 16V,103,BKD
1486,6,03L253010G,3,Turbina SKODA OCTAVIA II Combi 2.0 TDI 16V 103 CP - Recondiţionată,SKODA,96,OCTAVIA II Combi,469,2.0 TDI 16V,103,CFHC
1486,6,03L253010G,3,Turbina SKODA OCTAVIA II Combi 2.0 TDI 16V 103 CP - Recondiţionată,SKODA,96,OCTAVIA II Combi,468,2.0 TDI 16V,103,CLCB
1487,6,03L253010G,3,Turbina SKODA OCTAVIA II Combi 2.0 TDI 16V 4x4 103 CP - Recondiţionată,SKODA,96,OCTAVIA II Combi,471,2.0 TDI 16V 4x4,103,BKD
1487,6,03L253010G,3,Turbina SKODA OCTAVIA II Combi 2.0 TDI 16V 4x4 103 CP - Recondiţionată,SKODA,96,OCTAVIA II Combi,470,2.0 TDI 16V 4x4,103,CFHC
1487,6,03L253010G,3,Turbina SKODA OCTAVIA II Combi 2.0 TDI 16V 4x4 103 CP - Recondiţionată,SKODA,96,OCTAVIA II Combi,472,2.0 TDI 16V 4x4,103,CLCB
1488,6,03L253010G,3,Turbina SKODA OCTAVIA II Combi 2.0 TDI 4x4 81 CP - Recondiţionată,SKODA,96,OCTAVIA II Combi,473,2.0 TDI 4x4,81,CFHF
1489,6,03L253010G,3,Turbina SKODA SUPERB II 2.0 TDI 16V 4x4 103 CP - Recondiţionată,SKODA,97,SUPERB II,474,2.0 TDI 16V 4x4,103,CFFB
1490,6,03L253010G,3,Turbina SKODA SUPERB II 2.0 TDI 16V 103 CP - Recondiţionată,SKODA,97,SUPERB II,475,2.0 TDI 16V,103,BKD
1490,6,03L253010G,3,Turbina SKODA SUPERB II 2.0 TDI 16V 103 CP - Recondiţionată,SKODA,97,SUPERB II,476,2.0 TDI 16V,103,CFFB
1490,6,03L253010G,3,Turbina SKODA SUPERB II 2.0 TDI 16V 103 CP - Recondiţionată,SKODA,97,SUPERB II,477,2.0 TDI 16V,103,CLJA
1491,6,03L253010G,3,Turbina SKODA SUPERB II Estate 2.0 TDI 16V 4x4 103 CP - Recondiţionată,SKODA,98,SUPERB II Estate,478,2.0 TDI 16V 4x4,103,CFFB
1492,6,03L253010G,3,Turbina SKODA SUPERB II Estate 2.0 TDI 16V 103 CP - Recondiţionată,SKODA,98,SUPERB II Estate,479,2.0 TDI 16V,103,BKD
1492,6,03L253010G,3,Turbina SKODA SUPERB II Estate 2.0 TDI 16V 103 CP - Recondiţionată,SKODA,98,SUPERB II Estate,480,2.0 TDI 16V,103,CFFB
1492,6,03L253010G,3,Turbina SKODA SUPERB II Estate 2.0 TDI 16V 103 CP - Recondiţionată,SKODA,98,SUPERB II Estate,481,2.0 TDI 16V,103,CLJA
1493,6,03L253010G,3,Turbina SKODA YETI 2.0 TDI 4x4 103 CP - Recondiţionată,SKODA,99,YETI,482,2.0 TDI 4x4,103,CBDB
1493,6,03L253010G,3,Turbina SKODA YETI 2.0 TDI 4x4 103 CP - Recondiţionată,SKODA,99,YETI,484,2.0 TDI 4x4,103,CFHC
1493,6,03L253010G,3,Turbina SKODA YETI 2.0 TDI 4x4 103 CP - Recondiţionată,SKODA,99,YETI,483,2.0 TDI 4x4,103,CLCB
1494,6,03L253010G,3,Turbina SKODA YETI 2.0 TDI 4x4 81 CP - Recondiţionată,SKODA,99,YETI,487,2.0 TDI 4x4,81,CFHF
1494,6,03L253010G,3,Turbina SKODA YETI 2.0 TDI 4x4 81 CP - Recondiţionată,SKODA,99,YETI,485,2.0 TDI 4x4,81,CUUA
1494,6,03L253010G,3,Turbina SKODA YETI 2.0 TDI 4x4 81 CP - Recondiţionată,SKODA,99,YETI,486,2.0 TDI 4x4,81,DFSA
1495,6,03L253010G,3,Turbina SKODA YETI 2.0 TDI 103 CP - Recondiţionată,SKODA,99,YETI,488,2.0 TDI,103,CFHC
1495,6,03L253010G,3,Turbina SKODA YETI 2.0 TDI 103 CP - Recondiţionată,SKODA,99,YETI,489,2.0 TDI,103,CLCB
1496,6,03L253010G,3,Turbina SKODA YETI 2.0 TDI 81 CP - Recondiţionată,SKODA,99,YETI,491,2.0 TDI,81,CFHA
1496,6,03L253010G,3,Turbina SKODA YETI 2.0 TDI 81 CP - Recondiţionată,SKODA,99,YETI,493,2.0 TDI,81,CLCA
1496,6,03L253010G,3,Turbina SKODA YETI 2.0 TDI 81 CP - Recondiţionată,SKODA,99,YETI,490,2.0 TDI,81,CUUA
1496,6,03L253010G,3,Turbina SKODA YETI 2.0 TDI 81 CP - Recondiţionată,SKODA,99,YETI,492,2.0 TDI,81,DFSA
1497,6,03L253010G,4,Turbina VW BEETLE 2.0 TDI 103 CP - Recondiţionată,VW,100,BEETLE,495,2.0 TDI,103,CFFB
1497,6,03L253010G,4,Turbina VW BEETLE 2.0 TDI 103 CP - Recondiţionată,VW,100,BEETLE,494,2.0 TDI,103,CJAA
1498,6,03L253010G,4,Turbina VW BEETLE Cabrio 2.0 TDI 103 CP - Recondiţionată,VW,101,BEETLE Cabrio,497,2.0 TDI,103,CFFB
1498,6,03L253010G,4,Turbina VW BEETLE Cabrio 2.0 TDI 103 CP - Recondiţionată,VW,101,BEETLE Cabrio,496,2.0 TDI,103,CJAA
1499,6,03L253010G,4,Turbina VW CADDY ALLTRACK IV Box Body/MPV 2.0 TDI 103 CP - Recondiţionată,VW,102,CADDY ALLTRACK IV Box Body/MPV,498,2.0 TDI,103,CFHC
1499,6,03L253010G,4,Turbina VW CADDY ALLTRACK IV Box Body/MPV 2.0 TDI 103 CP - Recondiţionată,VW,102,CADDY ALLTRACK IV Box Body/MPV,499,2.0 TDI,103,CLCB
1500,6,03L253010G,4,Turbina VW CADDY ALLTRACK IV Box Body/MPV 2.0 TDI 4motion 103 CP - Recondiţionată,VW,102,CADDY ALLTRACK IV Box Body/MPV,500,2.0 TDI 4motion,103,CFHC
1501,6,03L253010G,4,Turbina VW CADDY ALLTRACK IV Box Body/MPV 2.0 TDI 81 CP - Recondiţionată,VW,102,CADDY ALLTRACK IV Box Body/MPV,501,2.0 TDI,81,CLCA
1502,6,03L253010G,4,Turbina VW CADDY ALLTRACK IV Box Body/MPV 2.0 TDI 4motion 81 CP - Recondiţionată,VW,102,CADDY ALLTRACK IV Box Body/MPV,502,2.0 TDI 4motion,81,CFHF
1503,6,03L253010G,4,Turbina VW CADDY ALLTRACK IV MPV 2.0 TDI 4motion 81 CP - Recondiţionată,VW,103,CADDY ALLTRACK IV MPV,503,2.0 TDI 4motion,81,CFHF
1503,6,03L253010G,4,Turbina VW CADDY ALLTRACK IV MPV 2.0 TDI 4motion 81 CP - Recondiţionată,VW,103,CADDY ALLTRACK IV MPV,504,2.0 TDI 4motion,81,CLCA
1504,6,03L253010G,4,Turbina VW CADDY ALLTRACK IV MPV 2.0 TDI 4motion 103 CP - Recondiţionată,VW,103,CADDY ALLTRACK IV MPV,505,2.0 TDI 4motion,103,CFHC
1505,6,03L253010G,4,Turbina VW CADDY ALLTRACK IV MPV 2.0 TDI 103 CP - Recondiţionată,VW,103,CADDY ALLTRACK IV MPV,506,2.0 TDI,103,CFHC
1505,6,03L253010G,4,Turbina VW CADDY ALLTRACK IV MPV 2.0 TDI 103 CP - Recondiţionată,VW,103,CADDY ALLTRACK IV MPV,507,2.0 TDI,103,CLCB
1506,6,03L253010G,4,Turbina VW CADDY III Box Body/MPV 2.0 TDI 16V 103 CP - Recondiţionată,VW,104,CADDY III Box Body/MPV,509,2.0 TDI 16V,103,CFHC
1506,6,03L253010G,4,Turbina VW CADDY III Box Body/MPV 2.0 TDI 16V 103 CP - Recondiţionată,VW,104,CADDY III Box Body/MPV,508,2.0 TDI 16V,103,CLCB
1507,6,03L253010G,4,Turbina VW CADDY III Box Body/MPV 2.0 TDI 62 CP - Recondiţionată,VW,104,CADDY III Box Body/MPV,510,2.0 TDI,62,CFHE
1508,6,03L253010G,4,Turbina VW CADDY III Box Body/MPV 2.0 TDI 4motion 81 CP - Recondiţionată,VW,104,CADDY III Box Body/MPV,511,2.0 TDI 4motion,81,CFHF
1509,6,03L253010G,4,Turbina VW CADDY III Box Body/MPV 2.0 TDI 81 CP - Recondiţionată,VW,104,CADDY III Box Body/MPV,512,2.0 TDI,81,CLCA
1510,6,03L253010G,4,Turbina VW CADDY III Box Body/MPV 2.0 TDI 16V 4motion 103 CP - Recondiţionată,VW,104,CADDY III Box Body/MPV,513,2.0 TDI 16V 4motion,103,CFHC
1511,6,03L253010G,4,Turbina VW CADDY III Box Body/MPV 2.0 TDI 4motion 62 CP - Recondiţionată,VW,104,CADDY III Box Body/MPV,514,2.0 TDI 4motion,62,CFHE
1512,6,03L253010G,4,Turbina VW CADDY III MPV 2.0 TDI 4motion 81 CP - Recondiţionată,VW,105,CADDY III MPV,515,2.0 TDI 4motion,81,CFHF
1513,6,03L253010G,4,Turbina VW CADDY III MPV 2.0 TDI 16V 103 CP - Recondiţionată,VW,105,CADDY III MPV,517,2.0 TDI 16V,103,CFHC
1513,6,03L253010G,4,Turbina VW CADDY III MPV 2.0 TDI 16V 103 CP - Recondiţionată,VW,105,CADDY III MPV,516,2.0 TDI 16V,103,CLCB
1514,6,03L253010G,4,Turbina VW CADDY III MPV 2.0 TDI 81 CP - Recondiţionată,VW,105,CADDY III MPV,518,2.0 TDI,81,CLCA
1515,6,03L253010G,4,Turbina VW CADDY III MPV 2.0 TDI 16V 4motion 103 CP - Recondiţionată,VW,105,CADDY III MPV,519,2.0 TDI 16V 4motion,103,CFHC
1516,6,03L253010G,4,Turbina VW CADDY IV Box Body/MPV 2.0 TDI 4motion 81 CP - Recondiţionată,VW,106,CADDY IV Box Body/MPV,520,2.0 TDI 4motion,81,CFHF
1516,6,03L253010G,4,Turbina VW CADDY IV Box Body/MPV 2.0 TDI 4motion 81 CP - Recondiţionată,VW,106,CADDY IV Box Body/MPV,521,2.0 TDI 4motion,81,CLCA
1517,6,03L253010G,4,Turbina VW CADDY IV Box Body/MPV 2.0 TDI 4motion 103 CP - Recondiţionată,VW,106,CADDY IV Box Body/MPV,522,2.0 TDI 4motion,103,CFHC
1518,6,03L253010G,4,Turbina VW CADDY IV Box Body/MPV 2.0 TDI 103 CP - Recondiţionată,VW,106,CADDY IV Box Body/MPV,524,2.0 TDI,103,CFHC
1518,6,03L253010G,4,Turbina VW CADDY IV Box Body/MPV 2.0 TDI 103 CP - Recondiţionată,VW,106,CADDY IV Box Body/MPV,523,2.0 TDI,103,CLCB
1519,6,03L253010G,4,Turbina VW CADDY IV MPV 2.0 TDI 4motion 103 CP - Recondiţionată,VW,107,CADDY IV MPV,525,2.0 TDI 4motion,103,CFHC
1520,6,03L253010G,4,Turbina VW CADDY IV MPV 2.0 TDI 103 CP - Recondiţionată,VW,107,CADDY IV MPV,527,2.0 TDI,103,CFHC
1520,6,03L253010G,4,Turbina VW CADDY IV MPV 2.0 TDI 103 CP - Recondiţionată,VW,107,CADDY IV MPV,526,2.0 TDI,103,CLCB
1521,6,03L253010G,4,Turbina VW CADDY IV MPV 2.0 TDI 4motion 81 CP - Recondiţionată,VW,107,CADDY IV MPV,528,2.0 TDI 4motion,81,CFHF
1521,6,03L253010G,4,Turbina VW CADDY IV MPV 2.0 TDI 4motion 81 CP - Recondiţionată,VW,107,CADDY IV MPV,529,2.0 TDI 4motion,81,CLCA
1522,6,03L253010G,4,Turbina VW CC B7 2.0 TDI 4motion 103 CP - Recondiţionată,VW,108,CC B7,530,2.0 TDI 4motion,103,CFFB
1523,6,03L253010G,4,Turbina VW CC B7 2.0 TDI 103 CP - Recondiţionată,VW,108,CC B7,531,2.0 TDI,103,CFFB
1524,6,03L253010G,4,Turbina VW CC B7 2.0 TDI 100 CP - Recondiţionată,VW,108,CC B7,532,2.0 TDI,100,CFFA
1525,6,03L253010G,4,Turbina VW EOS 2.0 TDI 16V 103 CP - Recondiţionată,VW,109,EOS,533,2.0 TDI 16V,103,CBAB
1525,6,03L253010G,4,Turbina VW EOS 2.0 TDI 16V 103 CP - Recondiţionată,VW,109,EOS,534,2.0 TDI 16V,103,CFFB
1526,6,03L253010G,4,Turbina VW EOS 2.0 TDI 100 CP - Recondiţionată,VW,109,EOS,535,2.0 TDI,100,CFFA
1527,6,03L253010G,4,Turbina VW GOLF PLUS V 2.0 TDI 100 CP - Recondiţionată,VW,110,GOLF PLUS V,537,2.0 TDI,100,AZV
1527,6,03L253010G,4,Turbina VW GOLF PLUS V 2.0 TDI 100 CP - Recondiţionată,VW,110,GOLF PLUS V,538,2.0 TDI,100,CBDA
1527,6,03L253010G,4,Turbina VW GOLF PLUS V 2.0 TDI 100 CP - Recondiţionată,VW,110,GOLF PLUS V,536,2.0 TDI,100,CFHB
1528,6,03L253010G,4,Turbina VW GOLF PLUS V 2.0 TDI 81 CP - Recondiţionată,VW,110,GOLF PLUS V,540,2.0 TDI,81,CBDC
1528,6,03L253010G,4,Turbina VW GOLF PLUS V 2.0 TDI 81 CP - Recondiţionată,VW,110,GOLF PLUS V,539,2.0 TDI,81,CLCA
1529,6,03L253010G,4,Turbina VW GOLF PLUS V 2.0 TDI 16V 103 CP - Recondiţionată,VW,110,GOLF PLUS V,541,2.0 TDI 16V,103,BKD
1529,6,03L253010G,4,Turbina VW GOLF PLUS V 2.0 TDI 16V 103 CP - Recondiţionată,VW,110,GOLF PLUS V,542,2.0 TDI 16V,103,CBDB
1529,6,03L253010G,4,Turbina VW GOLF PLUS V 2.0 TDI 16V 103 CP - Recondiţionată,VW,110,GOLF PLUS V,543,2.0 TDI 16V,103,CFHC
1530,6,03L253010G,4,Turbina VW GOLF PLUS Van 2.0 TDi 103 CP - Recondiţionată,VW,111,GOLF PLUS Van,544,2.0 TDi,103,CFHC
1531,6,03L253010G,4,Turbina VW GOLF VAN VI Variant 2.0 TDi 103 CP - Recondiţionată,VW,112,GOLF VAN VI Variant,545,2.0 TDi,103,CBDB
1531,6,03L253010G,4,Turbina VW GOLF VAN VI Variant 2.0 TDi 103 CP - Recondiţionată,VW,112,GOLF VAN VI Variant,546,2.0 TDi,103,CFHC
1532,6,03L253010G,4,Turbina VW GOLF VI 2.0 TDI 100 CP - Recondiţionată,VW,113,GOLF VI,548,2.0 TDI,100,CBAA
1532,6,03L253010G,4,Turbina VW GOLF VI 2.0 TDI 100 CP - Recondiţionată,VW,113,GOLF VI,547,2.0 TDI,100,CFFA
1533,6,03L253010G,4,Turbina VW GOLF VI 2.0 TDI 4motion 103 CP - Recondiţionată,VW,113,GOLF VI,549,2.0 TDI 4motion,103,CBAB
1533,6,03L253010G,4,Turbina VW GOLF VI 2.0 TDI 4motion 103 CP - Recondiţionată,VW,113,GOLF VI,550,2.0 TDI 4motion,103,CFFB
1534,6,03L253010G,4,Turbina VW GOLF VI 2.0 TDI 81 CP - Recondiţionată,VW,113,GOLF VI,552,2.0 TDI,81,CBDC
1534,6,03L253010G,4,Turbina VW GOLF VI 2.0 TDI 81 CP - Recondiţionată,VW,113,GOLF VI,551,2.0 TDI,81,CLCA
1535,6,03L253010G,4,Turbina VW GOLF VI 2.0 TDI 103 CP - Recondiţionată,VW,113,GOLF VI,554,2.0 TDI,103,CBAB
1535,6,03L253010G,4,Turbina VW GOLF VI 2.0 TDI 103 CP - Recondiţionată,VW,113,GOLF VI,555,2.0 TDI,103,CFFB
1535,6,03L253010G,4,Turbina VW GOLF VI 2.0 TDI 103 CP - Recondiţionată,VW,113,GOLF VI,553,2.0 TDI,103,CJAA
1536,6,03L253010G,4,Turbina VW GOLF VI Cabrio 2.0 TDI 103 CP - Recondiţionată,VW,114,GOLF VI Cabrio,556,2.0 TDI,103,CFHC
1537,6,03L253010G,4,Turbina VW GOLF VI Van 2.0 TDi 103 CP - Recondiţionată,VW,115,GOLF VI Van,557,2.0 TDi,103,CFFB
1537,6,03L253010G,4,Turbina VW GOLF VI Van 2.0 TDi 103 CP - Recondiţionată,VW,115,GOLF VI Van,558,2.0 TDi,103,CJAA
1538,6,03L253010G,4,Turbina VW GOLF VI Variant 2.0 TDI 103 CP - Recondiţionată,VW,116,GOLF VI Variant,560,2.0 TDI,103,CBDB
1538,6,03L253010G,4,Turbina VW GOLF VI Variant 2.0 TDI 103 CP - Recondiţionată,VW,116,GOLF VI Variant,561,2.0 TDI,103,CFHC
1538,6,03L253010G,4,Turbina VW GOLF VI Variant 2.0 TDI 103 CP - Recondiţionată,VW,116,GOLF VI Variant,559,2.0 TDI,103,CJAA
1539,6,03L253010G,4,Turbina VW GOLF VI Variant 2.0 TDI 100 CP - Recondiţionată,VW,116,GOLF VI Variant,562,2.0 TDI,100,CBDA
1539,6,03L253010G,4,Turbina VW GOLF VI Variant 2.0 TDI 100 CP - Recondiţionată,VW,116,GOLF VI Variant,563,2.0 TDI,100,CFHB
1540,6,03L253010G,4,Turbina VW GOLF VI Variant 2.0 TDI 81 CP - Recondiţionată,VW,116,GOLF VI Variant,564,2.0 TDI,81,CLCA
1541,6,03L253010G,4,Turbina VW JETTA IV 2.0 TDI 103 CP - Recondiţionată,VW,117,JETTA IV,567,2.0 TDI,103,CFFB
1541,6,03L253010G,4,Turbina VW JETTA IV 2.0 TDI 103 CP - Recondiţionată,VW,117,JETTA IV,568,2.0 TDI,103,CFHC
1541,6,03L253010G,4,Turbina VW JETTA IV 2.0 TDI 103 CP - Recondiţionată,VW,117,JETTA IV,566,2.0 TDI,103,CJAA
1541,6,03L253010G,4,Turbina VW JETTA IV 2.0 TDI 103 CP - Recondiţionată,VW,117,JETTA IV,565,2.0 TDI,103,CLCB
1542,6,03L253010G,4,Turbina VW JETTA IV 2.0 TDI 81 CP - Recondiţionată,VW,117,JETTA IV,570,2.0 TDI,81,CLCA
1542,6,03L253010G,4,Turbina VW JETTA IV 2.0 TDI 81 CP - Recondiţionată,VW,117,JETTA IV,569,2.0 TDI,81,CUUA
1543,6,03L253010G,4,Turbina VW PASSAT ALLTRACK B7 Variant 2.0 TDI 103 CP - Recondiţionată,VW,118,PASSAT ALLTRACK B7 Variant,571,2.0 TDI,103,CFFB
1544,6,03L253010G,4,Turbina VW PASSAT ALLTRACK B7 Variant 2.0 TDI 4motion 103 CP - Recondiţionată,VW,118,PASSAT ALLTRACK B7 Variant,572,2.0 TDI 4motion,103,CFFB
1545,6,03L253010G,4,Turbina VW PASSAT B7 2.0 TDI 103 CP - Recondiţionată,VW,119,PASSAT B7,573,2.0 TDI,103,CFFB
1546,6,03L253010G,4,Turbina VW PASSAT B7 2.0 TDI 100 CP - Recondiţionată,VW,119,PASSAT B7,574,2.0 TDI,100,CFFA
1547,6,03L253010G,4,Turbina VW PASSAT B7 2.0 TDI 4motion 103 CP - Recondiţionată,VW,119,PASSAT B7,575,2.0 TDI 4motion,103,CFFB
1548,6,03L253010G,4,Turbina VW PASSAT B7 Estate Van 2.0 TDI 103 CP - Recondiţionată,VW,120,PASSAT B7 Estate Van,576,2.0 TDI,103,CFFB
1549,6,03L253010G,4,Turbina VW PASSAT B7 Variant 2.0 TDI 103 CP - Recondiţionată,VW,121,PASSAT B7 Variant,577,2.0 TDI,103,CFFB
1550,6,03L253010G,4,Turbina VW PASSAT B7 Variant 2.0 TDI 100 CP - Recondiţionată,VW,121,PASSAT B7 Variant,578,2.0 TDI,100,CFFA
1551,6,03L253010G,4,Turbina VW PASSAT B7 Variant 2.0 TDI 4motion 103 CP - Recondiţionată,VW,121,PASSAT B7 Variant,579,2.0 TDI 4motion,103,CFFB
1552,6,03L253010G,4,Turbina VW PASSAT CC B6 2.0 TDI 4motion 103 CP - Recondiţionată,VW,122,PASSAT CC B6,580,2.0 TDI 4motion,103,CBAB
1552,6,03L253010G,4,Turbina VW PASSAT CC B6 2.0 TDI 4motion 103 CP - Recondiţionată,VW,122,PASSAT CC B6,581,2.0 TDI 4motion,103,CFFB
1553,6,03L253010G,4,Turbina VW PASSAT CC B6 2.0 TDI 103 CP - Recondiţionată,VW,122,PASSAT CC B6,582,2.0 TDI,103,CBAB
1553,6,03L253010G,4,Turbina VW PASSAT CC B6 2.0 TDI 103 CP - Recondiţionată,VW,122,PASSAT CC B6,583,2.0 TDI,103,CFFB
1554,6,03L253010G,4,Turbina VW PASSAT CC B6 2.0 TDI 100 CP - Recondiţionată,VW,122,PASSAT CC B6,585,2.0 TDI,100,CBAA
1554,6,03L253010G,4,Turbina VW PASSAT CC B6 2.0 TDI 100 CP - Recondiţionată,VW,122,PASSAT CC B6,584,2.0 TDI,100,CFFA
1555,6,03L253010G,4,Turbina VW SCIROCCO III 2.0 TDI 100 CP - Recondiţionată,VW,123,SCIROCCO III,586,2.0 TDI,100,CFHB
1556,6,03L253010G,4,Turbina VW SCIROCCO III 2.0 TDI 103 CP - Recondiţionată,VW,123,SCIROCCO III,587,2.0 TDI,103,CBDB
1556,6,03L253010G,4,Turbina VW SCIROCCO III 2.0 TDI 103 CP - Recondiţionată,VW,123,SCIROCCO III,588,2.0 TDI,103,CFHC
1557,6,03L253010G,4,Turbina VW SCIROCCO Van 2.0 TDi 103 CP - Recondiţionată,VW,124,SCIROCCO Van,589,2.0 TDi,103,CBDB
1557,6,03L253010G,4,Turbina VW SCIROCCO Van 2.0 TDi 103 CP - Recondiţionată,VW,124,SCIROCCO Van,590,2.0 TDi,103,CFHC
1558,6,03L253010G,4,Turbina VW SHARAN 2.0 TDI 103 CP - Recondiţionată,VW,33,SHARAN,591,2.0 TDI,103,CFFB
1559,6,03L253010G,4,Turbina VW SHARAN 2.0 TDI 100 CP - Recondiţionată,VW,33,SHARAN,592,2.0 TDI,100,CFFA
1560,6,03L253010G,4,Turbina VW SHARAN 2.0 TDI 4motion 103 CP - Recondiţionată,VW,33,SHARAN,593,2.0 TDI 4motion,103,CFFB
1561,6,03L253010G,4,Turbina VW SHARAN 2.0 TDI 85 CP - Recondiţionată,VW,33,SHARAN,265,2.0 TDI,85,CFFE
1561,6,03L253010G,4,Turbina VW SHARAN 2.0 TDI 85 CP - Recondiţionată,VW,33,SHARAN,264,2.0 TDI,85,CUVA
1561,6,03L253010G,4,Turbina VW SHARAN 2.0 TDI 85 CP - Recondiţionată,VW,33,SHARAN,263,2.0 TDI,85,DFLD
1561,6,03L253010G,4,Turbina VW SHARAN 2.0 TDI 85 CP - Recondiţionată,VW,33,SHARAN,266,2.0 TDI,85,DLTC
1562,6,03L253010G,4,Turbina VW SHARAN Box Body/MPV 2.0 TDI 103 CP - Recondiţionată,VW,125,SHARAN Box Body/MPV,594,2.0 TDI,103,CFFB
1563,6,03L253010G,4,Turbina VW SHARAN Box Body/MPV 2.0 TDI 85 CP - Recondiţionată,VW,125,SHARAN Box Body/MPV,595,2.0 TDI,85,CFFE
1564,6,03L253010G,4,Turbina VW SHARAN Box Body/MPV 2.0 TDI 100 CP - Recondiţionată,VW,125,SHARAN Box Body/MPV,596,2.0 TDI,100,CFFA
1565,6,03L253010G,4,Turbina VW TIGUAN 2.0 TDI 4motion 103 CP - Recondiţionată,VW,35,TIGUAN,598,2.0 TDI 4motion,103,CBAB
1565,6,03L253010G,4,Turbina VW TIGUAN 2.0 TDI 4motion 103 CP - Recondiţionată,VW,35,TIGUAN,599,2.0 TDI 4motion,103,CFFB
1565,6,03L253010G,4,Turbina VW TIGUAN 2.0 TDI 4motion 103 CP - Recondiţionată,VW,35,TIGUAN,597,2.0 TDI 4motion,103,CLJA
1566,6,03L253010G,4,Turbina VW TIGUAN 2.0 TDI 103 CP - Recondiţionată,VW,35,TIGUAN,600,2.0 TDI,103,CBAB
1566,6,03L253010G,4,Turbina VW TIGUAN 2.0 TDI 103 CP - Recondiţionată,VW,35,TIGUAN,601,2.0 TDI,103,CFFB
1567,6,03L253010G,4,Turbina VW TIGUAN 2.0 TDI 81 CP - Recondiţionată,VW,35,TIGUAN,277,2.0 TDI,81,CFFD
1567,6,03L253010G,4,Turbina VW TIGUAN 2.0 TDI 81 CP - Recondiţionată,VW,35,TIGUAN,276,2.0 TDI,81,CUVE
1568,6,03L253010G,4,Turbina VW TIGUAN 2.0 TDI 4motion 100 CP - Recondiţionată,VW,35,TIGUAN,603,2.0 TDI 4motion,100,CBAA
1568,6,03L253010G,4,Turbina VW TIGUAN 2.0 TDI 4motion 100 CP - Recondiţionată,VW,35,TIGUAN,602,2.0 TDI 4motion,100,CFFA
1569,6,03L253010G,4,Turbina VW TIGUAN VAN 2.0 TDI 81 CP - Recondiţionată,VW,126,TIGUAN VAN,604,2.0 TDI,81,CFFD
1570,6,03L253010G,4,Turbina VW TIGUAN VAN 2.0 TDI 4motion 103 CP - Recondiţionată,VW,126,TIGUAN VAN,605,2.0 TDI 4motion,103,CBAB
1570,6,03L253010G,4,Turbina VW TIGUAN VAN 2.0 TDI 4motion 103 CP - Recondiţionată,VW,126,TIGUAN VAN,606,2.0 TDI 4motion,103,CFFB
1570,6,03L253010G,4,Turbina VW TIGUAN VAN 2.0 TDI 4motion 103 CP - Recondiţionată,VW,126,TIGUAN VAN,607,2.0 TDI 4motion,103,CLJA
1571,6,03L253010G,4,Turbina VW TIGUAN VAN 2.0 TDI 103 CP - Recondiţionată,VW,126,TIGUAN VAN,608,2.0 TDI,103,CFFB
1572,6,03L253010G,4,Turbina VW TOURAN 2.0 TDI 81 CP - Recondiţionată,VW,37,TOURAN,610,2.0 TDI,81,CFHF
1572,6,03L253010G,4,Turbina VW TOURAN 2.0 TDI 81 CP - Recondiţionată,VW,37,TOURAN,609,2.0 TDI,81,CLCA
1573,6,03L253010G,4,Turbina VW TOURAN 2.0 TDI 103 CP - Recondiţionată,VW,37,TOURAN,611,2.0 TDI,103,CFHC
1574,6,03L253010G,4,Turbina VW TOURAN Box Body/MPV 2.0 TDI 103 CP - Recondiţionată,VW,127,TOURAN Box Body/MPV,612,2.0 TDI,103,CFHC
1575,10,03L253010D,1,Turbina AUDI A3 2.0 TDI 125 CP - Recondiţionată,Audi,2,A3,629,2.0 TDI,125,BMN
1575,10,03L253010D,1,Turbina AUDI A3 2.0 TDI 125 CP - Recondiţionată,Audi,2,A3,631,2.0 TDI,125,CBBB
1575,10,03L253010D,1,Turbina AUDI A3 2.0 TDI 125 CP - Recondiţionată,Audi,2,A3,630,2.0 TDI,125,CFGB
1576,10,03L253010D,1,Turbina AUDI A3 2.0 TDI quattro 125 CP - Recondiţionată,Audi,2,A3,633,2.0 TDI quattro,125,BMN
1576,10,03L253010D,1,Turbina AUDI A3 2.0 TDI quattro 125 CP - Recondiţionată,Audi,2,A3,634,2.0 TDI quattro,125,CBBB
1576,10,03L253010D,1,Turbina AUDI A3 2.0 TDI quattro 125 CP - Recondiţionată,Audi,2,A3,632,2.0 TDI quattro,125,CFGB
1577,10,03L253010D,1,Turbina AUDI A3 Sportback 2.0 TDI quattro 125 CP - Recondiţionată,Audi,5,A3 Sportback,635,2.0 TDI quattro,125,BMN
1577,10,03L253010D,1,Turbina AUDI A3 Sportback 2.0 TDI quattro 125 CP - Recondiţionată,Audi,5,A3 Sportback,637,2.0 TDI quattro,125,CBBB
1577,10,03L253010D,1,Turbina AUDI A3 Sportback 2.0 TDI quattro 125 CP - Recondiţionată,Audi,5,A3 Sportback,636,2.0 TDI quattro,125,CFGB
1578,10,03L253010D,1,Turbina AUDI A3 Sportback 2.0 TDI 125 CP - Recondiţionată,Audi,5,A3 Sportback,639,2.0 TDI,125,BMN
1578,10,03L253010D,1,Turbina AUDI A3 Sportback 2.0 TDI 125 CP - Recondiţionată,Audi,5,A3 Sportback,640,2.0 TDI,125,CBBB
1578,10,03L253010D,1,Turbina AUDI A3 Sportback 2.0 TDI 125 CP - Recondiţionată,Audi,5,A3 Sportback,638,2.0 TDI,125,CFGB
1579,10,03L253010D,1,Turbina AUDI TT 2.0 TDI quattro 125 CP - Recondiţionată,Audi,137,TT,642,2.0 TDI quattro,125,CBBB
1579,10,03L253010D,1,Turbina AUDI TT 2.0 TDI quattro 125 CP - Recondiţionată,Audi,137,TT,641,2.0 TDI quattro,125,CFGB
1580,10,03L253010D,1,Turbina AUDI TT Roadster 2.0 TDI quattro 125 CP - Recondiţionată,Audi,138,TT Roadster,644,2.0 TDI quattro,125,CBBB
1580,10,03L253010D,1,Turbina AUDI TT Roadster 2.0 TDI quattro 125 CP - Recondiţionată,Audi,138,TT Roadster,643,2.0 TDI quattro,125,CFGB
1581,10,03L253010D,2,Turbina SEAT ALTEA 2.0 TDI 125 CP - Recondiţionată,SEAT,93,ALTEA,1000,2.0 TDI,125,BMN
1581,10,03L253010D,2,Turbina SEAT ALTEA 2.0 TDI 125 CP - Recondiţionată,SEAT,93,ALTEA,1001,2.0 TDI,125,CEGA
1582,10,03L253010D,2,Turbina SEAT ALTEA XL 2.0 TDI 4x4 125 CP - Recondiţionată,SEAT,94,ALTEA XL,646,2.0 TDI 4x4,125,BMN
1582,10,03L253010D,2,Turbina SEAT ALTEA XL 2.0 TDI 4x4 125 CP - Recondiţionată,SEAT,94,ALTEA XL,648,2.0 TDI 4x4,125,CEGA
1582,10,03L253010D,2,Turbina SEAT ALTEA XL 2.0 TDI 4x4 125 CP - Recondiţionată,SEAT,94,ALTEA XL,647,2.0 TDI 4x4,125,CFJA
1583,10,03L253010D,2,Turbina SEAT ALTEA XL 2.0 TDI 125 CP - Recondiţionată,SEAT,94,ALTEA XL,1002,2.0 TDI,125,BMN
1583,10,03L253010D,2,Turbina SEAT ALTEA XL 2.0 TDI 125 CP - Recondiţionată,SEAT,94,ALTEA XL,1003,2.0 TDI,125,CEGA
1584,10,03L253010D,2,Turbina SEAT LEON 2.0 TDI 125 CP - Recondiţionată,SEAT,12,LEON,649,2.0 TDI,125,BMN
1584,10,03L253010D,2,Turbina SEAT LEON 2.0 TDI 125 CP - Recondiţionată,SEAT,12,LEON,651,2.0 TDI,125,CEGA
1584,10,03L253010D,2,Turbina SEAT LEON 2.0 TDI 125 CP - Recondiţionată,SEAT,12,LEON,650,2.0 TDI,125,CFJA
1585,10,03L253010D,2,Turbina SEAT TOLEDO III 2.0 TDI 125 CP - Recondiţionată,SEAT,184,TOLEDO III,1004,2.0 TDI,125,BMN
1585,10,03L253010D,2,Turbina SEAT TOLEDO III 2.0 TDI 125 CP - Recondiţionată,SEAT,184,TOLEDO III,1005,2.0 TDI,125,CEGA
1586,10,03L253010D,3,Turbina SKODA OCTAVIA II 2.0 TDI RS 125 CP - Recondiţionată,SKODA,95,OCTAVIA II,1006,2.0 TDI RS,125,BMN
1586,10,03L253010D,3,Turbina SKODA OCTAVIA II 2.0 TDI RS 125 CP - Recondiţionată,SKODA,95,OCTAVIA II,1007,2.0 TDI RS,125,CEGA
1587,10,03L253010D,3,Turbina SKODA OCTAVIA II Combi 2.0 TDI RS 125 CP - Recondiţionată,SKODA,96,OCTAVIA II Combi,1008,2.0 TDI RS,125,BMN
1587,10,03L253010D,3,Turbina SKODA OCTAVIA II Combi 2.0 TDI RS 125 CP - Recondiţionată,SKODA,96,OCTAVIA II Combi,1009,2.0 TDI RS,125,CEGA
1588,10,03L253010D,3,Turbina SKODA SUPERB II 2.0 TDI 125 CP - Recondiţionată,SKODA,97,SUPERB II,653,2.0 TDI,125,CBBB
1588,10,03L253010D,3,Turbina SKODA SUPERB II 2.0 TDI 125 CP - Recondiţionată,SKODA,97,SUPERB II,652,2.0 TDI,125,CFGB
1589,10,03L253010D,3,Turbina SKODA SUPERB II 2.0 TDI 4x4 125 CP - Recondiţionată,SKODA,97,SUPERB II,655,2.0 TDI 4x4,125,CBBB
1589,10,03L253010D,3,Turbina SKODA SUPERB II 2.0 TDI 4x4 125 CP - Recondiţionată,SKODA,97,SUPERB II,654,2.0 TDI 4x4,125,CFGB
1590,10,03L253010D,3,Turbina SKODA SUPERB II Estate 2.0 TDI 4x4 125 CP - Recondiţionată,SKODA,98,SUPERB II Estate,657,2.0 TDI 4x4,125,CBBB
1590,10,03L253010D,3,Turbina SKODA SUPERB II Estate 2.0 TDI 4x4 125 CP - Recondiţionată,SKODA,98,SUPERB II Estate,656,2.0 TDI 4x4,125,CFGB
1591,10,03L253010D,3,Turbina SKODA SUPERB II Estate 2.0 TDI 125 CP - Recondiţionată,SKODA,98,SUPERB II Estate,659,2.0 TDI,125,CBBB
1591,10,03L253010D,3,Turbina SKODA SUPERB II Estate 2.0 TDI 125 CP - Recondiţionată,SKODA,98,SUPERB II Estate,658,2.0 TDI,125,CFGB
1592,10,03L253010D,3,Turbina SKODA YETI 2.0 TDI 4x4 125 CP - Recondiţionată,SKODA,99,YETI,661,2.0 TDI 4x4,125,CEGA
1592,10,03L253010D,3,Turbina SKODA YETI 2.0 TDI 4x4 125 CP - Recondiţionată,SKODA,99,YETI,660,2.0 TDI 4x4,125,CFJA
1593,10,03L253010D,4,Turbina VW GOLF VI 2.0 TDI 125 CP - Recondiţionată,VW,113,GOLF VI,663,2.0 TDI,125,CBBB
1593,10,03L253010D,4,Turbina VW GOLF VI 2.0 TDI 125 CP - Recondiţionată,VW,113,GOLF VI,662,2.0 TDI,125,CFGB
1594,10,03L253010D,4,Turbina VW JETTA III 2.0 TDI 125 CP - Recondiţionată,VW,185,JETTA III,1010,2.0 TDI,125,BMN
1594,10,03L253010D,4,Turbina VW JETTA III 2.0 TDI 125 CP - Recondiţionată,VW,185,JETTA III,1011,2.0 TDI,125,CEGA
1595,10,03L253010D,4,Turbina VW PASSAT B6 2.0 TDI 125 CP - Recondiţionată,VW,186,PASSAT B6,1012,2.0 TDI,125,BMR
1595,10,03L253010D,4,Turbina VW PASSAT B6 2.0 TDI 125 CP - Recondiţionată,VW,186,PASSAT B6,1013,2.0 TDI,125,CBBB
1596,10,03L253010D,4,Turbina VW PASSAT B6 2.0 TDI 4motion 125 CP - Recondiţionată,VW,186,PASSAT B6,1014,2.0 TDI 4motion,125,CBBB
1597,10,03L253010D,4,Turbina VW PASSAT B6 Variant 2.0 TDI 125 CP - Recondiţionată,VW,187,PASSAT B6 Variant,1015,2.0 TDI,125,BMR
1597,10,03L253010D,4,Turbina VW PASSAT B6 Variant 2.0 TDI 125 CP - Recondiţionată,VW,187,PASSAT B6 Variant,1016,2.0 TDI,125,CBBB
1598,10,03L253010D,4,Turbina VW PASSAT B6 Variant 2.0 TDI 4motion 125 CP - Recondiţionată,VW,187,PASSAT B6 Variant,1017,2.0 TDI 4motion,125,CBBB
1599,10,03L253010D,4,Turbina VW PASSAT CC B6 2.0 TDI 4motion 125 CP - Recondiţionată,VW,122,PASSAT CC B6,674,2.0 TDI 4motion,125,CBBB
1599,10,03L253010D,4,Turbina VW PASSAT CC B6 2.0 TDI 4motion 125 CP - Recondiţionată,VW,122,PASSAT CC B6,673,2.0 TDI 4motion,125,CFGB
1600,10,03L253010D,4,Turbina VW PASSAT CC B6 2.0 TDI 125 CP - Recondiţionată,VW,122,PASSAT CC B6,676,2.0 TDI,125,CBBB
1600,10,03L253010D,4,Turbina VW PASSAT CC B6 2.0 TDI 125 CP - Recondiţionată,VW,122,PASSAT CC B6,675,2.0 TDI,125,CFGB
1600,10,03L253010D,4,Turbina VW PASSAT CC B6 2.0 TDI 125 CP - Recondiţionată,VW,122,PASSAT CC B6,677,2.0 TDI,125,CLLA
1601,10,03L253010D,4,Turbina VW SCIROCCO III 2.0 TDI 125 CP - Recondiţionată,VW,123,SCIROCCO III,679,2.0 TDI,125,CBBB
1601,10,03L253010D,4,Turbina VW SCIROCCO III 2.0 TDI 125 CP - Recondiţionată,VW,123,SCIROCCO III,678,2.0 TDI,125,CFGB
1602,10,03L253010D,4,Turbina VW TIGUAN 2.0 TDI 4motion 120 CP - Recondiţionată,VW,35,TIGUAN,1018,2.0 TDI 4motion,120,CBBA
1603,10,03L253010D,4,Turbina VW TIGUAN 2.0 TDI 4motion 125 CP - Recondiţionată,VW,35,TIGUAN,685,2.0 TDI 4motion,125,CBBB
1603,10,03L253010D,4,Turbina VW TIGUAN 2.0 TDI 4motion 125 CP - Recondiţionată,VW,35,TIGUAN,684,2.0 TDI 4motion,125,CFGB
1604,11,04L253020A,1,Turbina AUDI A1 1.6 TDI 77 CP - Recondiţionată,Audi,1,A1,1019,1.6 TDI,77,CAYC
1605,11,04L253020A,1,Turbina AUDI A1 Sportback 1.6 TDI 77 CP - Recondiţionată,Audi,188,A1 Sportback,1020,1.6 TDI,77,CAYC
1606,11,04L253020A,1,Turbina AUDI A3 1.6 TDI 77 CP - Recondiţionată,Audi,2,A3,1021,1.6 TDI,77,CAYC
1607,11,04L253020A,1,Turbina AUDI A3 1.6 TDI 77 CP - Recondiţionată,Audi,2,A3,1022,1.6 TDI,77,CLHA
1608,11,04L253020A,1,Turbina AUDI A3 1.6 TDI 81 CP - Recondiţionată,Audi,2,A3,1024,1.6 TDI,81,CRKB
1608,11,04L253020A,1,Turbina AUDI A3 1.6 TDI 81 CP - Recondiţionată,Audi,2,A3,1025,1.6 TDI,81,CXXB
1608,11,04L253020A,1,Turbina AUDI A3 1.6 TDI 81 CP - Recondiţionată,Audi,2,A3,1023,1.6 TDI,81,DBKA
1609,11,04L253020A,1,Turbina AUDI ASeria 3 Cabrio 1.6 TDI 77 CP - Recondiţionată,Audi,3,ASeria 3 Cabrio,1026,1.6 TDI,77,CAYC
1610,11,04L253020A,1,Turbina AUDI ASeria 3 Cabrio 1.6 TDI 81 CP - Recondiţionată,Audi,3,ASeria 3 Cabrio,1027,1.6 TDI,81,CRKB
1610,11,04L253020A,1,Turbina AUDI ASeria 3 Cabrio 1.6 TDI 81 CP - Recondiţionată,Audi,3,ASeria 3 Cabrio,1028,1.6 TDI,81,CXXB
1611,11,04L253020A,1,Turbina AUDI A3 Limousine 1.6 TDI quattro 81 CP - Recondiţionată,Audi,4,A3 Limousine,1029,1.6 TDI quattro,81,CXXB
1612,11,04L253020A,1,Turbina AUDI A3 Limousine 1.6 TDI 81 CP - Recondiţionată,Audi,4,A3 Limousine,1031,1.6 TDI,81,CRKB
1612,11,04L253020A,1,Turbina AUDI A3 Limousine 1.6 TDI 81 CP - Recondiţionată,Audi,4,A3 Limousine,1032,1.6 TDI,81,CXXB
1612,11,04L253020A,1,Turbina AUDI A3 Limousine 1.6 TDI 81 CP - Recondiţionată,Audi,4,A3 Limousine,1030,1.6 TDI,81,DBKA
1613,11,04L253020A,1,Turbina AUDI A3 Limousine 1.6 TDI 77 CP - Recondiţionată,Audi,4,A3 Limousine,1033,1.6 TDI,77,CLHA
1614,11,04L253020A,1,Turbina AUDI A3 Sportback 1.6 TDI 77 CP - Recondiţionată,Audi,5,A3 Sportback,1034,1.6 TDI,77,CAYC
1615,11,04L253020A,1,Turbina AUDI A3 Sportback 1.6 TDI quattro 81 CP - Recondiţionată,Audi,5,A3 Sportback,1035,1.6 TDI quattro,81,CXXB
1616,11,04L253020A,1,Turbina AUDI A3 Sportback 1.6 TDI 81 CP - Recondiţionată,Audi,5,A3 Sportback,1037,1.6 TDI,81,CRKB
1616,11,04L253020A,1,Turbina AUDI A3 Sportback 1.6 TDI 81 CP - Recondiţionată,Audi,5,A3 Sportback,1038,1.6 TDI,81,CXXB
1616,11,04L253020A,1,Turbina AUDI A3 Sportback 1.6 TDI 81 CP - Recondiţionată,Audi,5,A3 Sportback,1036,1.6 TDI,81,DBKA
1617,11,04L253020A,1,Turbina AUDI A3 Sportback 1.6 TDI 77 CP - Recondiţionată,Audi,5,A3 Sportback,1039,1.6 TDI,77,CLHA
1618,11,04L253020A,4,Turbina VW BEETLE 1.6 TDI 77 CP - Recondiţionată,VW,100,BEETLE,1040,1.6 TDI,77,CAYC
1619,11,04L253020A,4,Turbina VW BEETLE Cabrio 1.6 TDI 77 CP - Recondiţionată,VW,101,BEETLE Cabrio,1041,1.6 TDI,77,CAYC
1620,11,04L253020A,4,Turbina VW CADDY ALLTRACK IV Box Body/MPV 1.6 TDI 75 CP - Recondiţionată,VW,102,CADDY ALLTRACK IV Box Body/MPV,1042,1.6 TDI,75,CAYD
1621,11,04L253020A,4,Turbina VW CADDY ALLTRACK IV MPV 1.6 TDI 75 CP - Recondiţionată,VW,103,CADDY ALLTRACK IV MPV,1043,1.6 TDI,75,CAYD
1622,11,04L253020A,4,Turbina VW CADDY III Box Body/MPV 1.6 TDI 75 CP - Recondiţionată,VW,104,CADDY III Box Body/MPV,1044,1.6 TDI,75,CAYD
1623,11,04L253020A,4,Turbina VW CADDY III MPV 1.6 TDI 75 CP - Recondiţionată,VW,105,CADDY III MPV,1045,1.6 TDI,75,CAYD
1624,11,04L253020A,4,Turbina VW CADDY IV Box Body/MPV 1.6 TDI 75 CP - Recondiţionată,VW,106,CADDY IV Box Body/MPV,1046,1.6 TDI,75,CAYD
1625,11,04L253020A,4,Turbina VW CADDY IV MPV 1.6 TDI 75 CP - Recondiţionată,VW,107,CADDY IV MPV,1047,1.6 TDI,75,CAYD
1626,11,04L253020A,4,Turbina VW GOLF ALLTRACK VII Variant 1.6 TDI 4motion 81 CP - Recondiţionată,VW,24,GOLF ALLTRACK VII Variant,1049,1.6 TDI 4motion,81,CRKB
1626,11,04L253020A,4,Turbina VW GOLF ALLTRACK VII Variant 1.6 TDI 4motion 81 CP - Recondiţionată,VW,24,GOLF ALLTRACK VII Variant,1048,1.6 TDI 4motion,81,CXXB
1627,11,04L253020A,4,Turbina VW GOLF PLUS V 1.6 TDI 77 CP - Recondiţionată,VW,110,GOLF PLUS V,1050,1.6 TDI,77,CAYC
1628,11,04L253020A,4,Turbina VW GOLF PLUS Van 1.6 TDi 77 CP - Recondiţionată,VW,111,GOLF PLUS Van,1051,1.6 TDi,77,CAYC
1629,11,04L253020A,4,Turbina VW GOLF SPORTSVAN VII 1.6 TDI 81 CP - Recondiţionată,VW,25,GOLF SPORTSVAN VII,1054,1.6 TDI,81,CRKB
1629,11,04L253020A,4,Turbina VW GOLF SPORTSVAN VII 1.6 TDI 81 CP - Recondiţionată,VW,25,GOLF SPORTSVAN VII,1052,1.6 TDI,81,CXXB
1629,11,04L253020A,4,Turbina VW GOLF SPORTSVAN VII 1.6 TDI 81 CP - Recondiţionată,VW,25,GOLF SPORTSVAN VII,1053,1.6 TDI,81,DBKA
1630,11,04L253020A,4,Turbina VW GOLF VAN VI Variant 1.6 TDi 77 CP - Recondiţionată,VW,112,GOLF VAN VI Variant,1055,1.6 TDi,77,CAYC
1631,11,04L253020A,4,Turbina VW GOLF VAN VII Variant 1.6 TDi 77 CP - Recondiţionată,VW,26,GOLF VAN VII Variant,1056,1.6 TDi,77,CLHA
1632,11,04L253020A,4,Turbina VW GOLF VAN VII Variant 1.6 TDi 4motion 77 CP - Recondiţionată,VW,26,GOLF VAN VII Variant,1057,1.6 TDi 4motion,77,CLHA
1633,11,04L253020A,4,Turbina VW GOLF VAN VII Variant 1.6 TDi 81 CP - Recondiţionată,VW,26,GOLF VAN VII Variant,1058,1.6 TDi,81,CRKB
1633,11,04L253020A,4,Turbina VW GOLF VAN VII Variant 1.6 TDi 81 CP - Recondiţionată,VW,26,GOLF VAN VII Variant,1059,1.6 TDi,81,CXXB
1634,11,04L253020A,4,Turbina VW GOLF VI 1.6 TDI 77 CP - Recondiţionată,VW,113,GOLF VI,1060,1.6 TDI,77,CAYC
1635,11,04L253020A,4,Turbina VW GOLF VI Cabrio 1.6 TDI 77 CP - Recondiţionată,VW,114,GOLF VI Cabrio,1061,1.6 TDI,77,CAYC
1636,11,04L253020A,4,Turbina VW GOLF VI Van 1.6 TDi 77 CP - Recondiţionată,VW,115,GOLF VI Van,1062,1.6 TDi,77,CAYC
1637,11,04L253020A,4,Turbina VW GOLF VI Variant 1.6 TDI 77 CP - Recondiţionată,VW,116,GOLF VI Variant,1063,1.6 TDI,77,CAYC
1638,11,04L253020A,4,Turbina VW GOLF VI Variant 1.6 TDI 4motion 77 CP - Recondiţionată,VW,116,GOLF VI Variant,1064,1.6 TDI 4motion,77,CAYC
1639,11,04L253020A,4,Turbina VW GOLF VII 1.6 TDI 4motion 81 CP - Recondiţionată,VW,27,GOLF VII,1066,1.6 TDI 4motion,81,CRKB
1639,11,04L253020A,4,Turbina VW GOLF VII 1.6 TDI 4motion 81 CP - Recondiţionată,VW,27,GOLF VII,1065,1.6 TDI 4motion,81,CXXB
1640,11,04L253020A,4,Turbina VW GOLF VII 1.6 TDI 77 CP - Recondiţionată,VW,27,GOLF VII,1067,1.6 TDI,77,CLHA
1641,11,04L253020A,4,Turbina VW GOLF VII 1.6 TDI 81 CP - Recondiţionată,VW,27,GOLF VII,1069,1.6 TDI,81,CRKB
1641,11,04L253020A,4,Turbina VW GOLF VII 1.6 TDI 81 CP - Recondiţionată,VW,27,GOLF VII,1068,1.6 TDI,81,CXXB
1641,11,04L253020A,4,Turbina VW GOLF VII 1.6 TDI 81 CP - Recondiţionată,VW,27,GOLF VII,1070,1.6 TDI,81,DBKA
1642,11,04L253020A,4,Turbina VW GOLF VII 1.6 TDI 4motion 77 CP - Recondiţionată,VW,27,GOLF VII,1071,1.6 TDI 4motion,77,CLHA
1643,11,04L253020A,4,Turbina VW GOLF VII Van 1.6 TDi 81 CP - Recondiţionată,VW,28,GOLF VII Van,1072,1.6 TDi,81,CRKB
1643,11,04L253020A,4,Turbina VW GOLF VII Van 1.6 TDi 81 CP - Recondiţionată,VW,28,GOLF VII Van,1073,1.6 TDi,81,CXXB
1644,11,04L253020A,4,Turbina VW GOLF VII Van 1.6 TDi 77 CP - Recondiţionată,VW,28,GOLF VII Van,1074,1.6 TDi,77,CLHA
1645,11,04L253020A,4,Turbina VW GOLF VII Variant 1.6 TDI 77 CP - Recondiţionată,VW,29,GOLF VII Variant,1075,1.6 TDI,77,CLHA
1646,11,04L253020A,4,Turbina VW GOLF VII Variant 1.6 TDI 4motion 77 CP - Recondiţionată,VW,29,GOLF VII Variant,1076,1.6 TDI 4motion,77,CLHA
1647,11,04L253020A,4,Turbina VW GOLF VII Variant 1.6 TDI 81 CP - Recondiţionată,VW,29,GOLF VII Variant,1079,1.6 TDI,81,CRKB
1647,11,04L253020A,4,Turbina VW GOLF VII Variant 1.6 TDI 81 CP - Recondiţionată,VW,29,GOLF VII Variant,1078,1.6 TDI,81,CXXB
1647,11,04L253020A,4,Turbina VW GOLF VII Variant 1.6 TDI 81 CP - Recondiţionată,VW,29,GOLF VII Variant,1077,1.6 TDI,81,DBKA
1648,11,04L253020A,4,Turbina VW GOLF VII Variant 1.6 TDI 4motion 81 CP - Recondiţionată,VW,29,GOLF VII Variant,1081,1.6 TDI 4motion,81,CRKB
1648,11,04L253020A,4,Turbina VW GOLF VII Variant 1.6 TDI 4motion 81 CP - Recondiţionată,VW,29,GOLF VII Variant,1080,1.6 TDI 4motion,81,CXXB
1649,11,04L253020A,4,Turbina VW JETTA III 1.6 TDI 77 CP - Recondiţionată,VW,185,JETTA III,1082,1.6 TDI,77,CAYC
1650,11,04L253020A,4,Turbina VW JETTA IV 1.6 TDI 77 CP - Recondiţionată,VW,117,JETTA IV,1083,1.6 TDI,77,CAYC
1651,11,04L253020A,4,Turbina VW PASSAT B6 1.6 TDI 77 CP - Recondiţionată,VW,186,PASSAT B6,1084,1.6 TDI,77,CAYC
1652,11,04L253020A,4,Turbina VW PASSAT B6 Variant 1.6 TDI 77 CP - Recondiţionată,VW,187,PASSAT B6 Variant,1085,1.6 TDI,77,CAYC
1653,11,04L253020A,4,Turbina VW PASSAT B7 1.6 TDI 77 CP - Recondiţionată,VW,119,PASSAT B7,1086,1.6 TDI,77,CAYC
1654,11,04L253020A,4,Turbina VW PASSAT B7 Estate Van 1.6 TDI 77 CP - Recondiţionată,VW,120,PASSAT B7 Estate Van,1087,1.6 TDI,77,CAYC
1655,11,04L253020A,4,Turbina VW PASSAT B7 Variant 1.6 TDI 77 CP - Recondiţionată,VW,121,PASSAT B7 Variant,1088,1.6 TDI,77,CAYC
1656,11,04L253020A,4,Turbina VW POLO V 1.6 TDI 77 CP - Recondiţionată,VW,189,POLO V,1089,1.6 TDI,77,CAYC
1656,11,04L253020A,4,Turbina VW POLO V 1.6 TDI 77 CP - Recondiţionată,VW,189,POLO V,1090,1.6 TDI,77,CLNA
1657,11,04L253020A,4,Turbina VW POLO V Hatchback Van 1.6 TDi 77 CP - Recondiţionată,VW,190,POLO V Hatchback Van,1091,1.6 TDi,77,CAYC
1658,11,04L253020A,4,Turbina VW TOURAN 1.6 TDI 77 CP - Recondiţionată,VW,37,TOURAN,1092,1.6 TDI,77,CAYC
1659,11,04L253020A,4,Turbina VW TOURAN 1.6 TDI 81 CP - Recondiţionată,VW,37,TOURAN,1093,1.6 TDI,81,CRKB
1660,11,04L253020A,4,Turbina VW TOURAN Box Body/MPV 1.6 TDI 77 CP - Recondiţionată,VW,127,TOURAN Box Body/MPV,1094,1.6 TDI,77,CAYC
1661,12,04L253010L,1,Turbina AUDI A4 Allroad B8 2.0 TDI quattro 140 CP - Recondiţionată,Audi,191,A4 Allroad B8,1095,2.0 TDI quattro,140,CNHA
1662,12,04L253010L,1,Turbina AUDI A4 B8 2.0 TDI quattro 140 CP - Recondiţionată,Audi,192,A4 B8,1096,2.0 TDI quattro,140,CNHA
1663,12,04L253010L,1,Turbina AUDI A4 B8 2.0 TDI 140 CP - Recondiţionată,Audi,192,A4 B8,1097,2.0 TDI,140,CNHA
1664,12,04L253010L,1,Turbina AUDI A4 B8 Avant 2.0 TDI quattro 140 CP - Recondiţionată,Audi,193,A4 B8 Avant,1098,2.0 TDI quattro,140,CNHA
1665,12,04L253010L,1,Turbina AUDI A4 B8 Avant 2.0 TDI 140 CP - Recondiţionată,Audi,193,A4 B8 Avant,1099,2.0 TDI,140,CNHA
1666,12,04L253010L,1,Turbina AUDI A4 B9 2.0 TDI 140 CP - Recondiţionată,Audi,194,A4 B9,1100,2.0 TDI,140,DESA
1666,12,04L253010L,1,Turbina AUDI A4 B9 2.0 TDI 140 CP - Recondiţionată,Audi,194,A4 B9,1102,2.0 TDI,140,DETA
1666,12,04L253010L,1,Turbina AUDI A4 B9 2.0 TDI 140 CP - Recondiţionată,Audi,194,A4 B9,1101,2.0 TDI,140,DFVA
1667,12,04L253010L,1,Turbina AUDI A4 B9 2.0 TDI quattro 140 CP - Recondiţionată,Audi,194,A4 B9,1103,2.0 TDI quattro,140,DESA
1667,12,04L253010L,1,Turbina AUDI A4 B9 2.0 TDI quattro 140 CP - Recondiţionată,Audi,194,A4 B9,1105,2.0 TDI quattro,140,DETA
1667,12,04L253010L,1,Turbina AUDI A4 B9 2.0 TDI quattro 140 CP - Recondiţionată,Audi,194,A4 B9,1104,2.0 TDI quattro,140,DFVA
1668,12,04L253010L,1,Turbina AUDI A5 2.0 TDI 140 CP - Recondiţionată,Audi,195,A5,1106,2.0 TDI,140,CNHA
1669,12,04L253010L,1,Turbina AUDI A5 2.0 TDI quattro 140 CP - Recondiţionată,Audi,195,A5,1107,2.0 TDI quattro,140,CNHA
1670,12,04L253010L,1,Turbina AUDI A5 Cabrio 2.0 TDI 140 CP - Recondiţionată,Audi,196,A5 Cabrio,1108,2.0 TDI,140,CNHA
1671,12,04L253010L,1,Turbina AUDI A5 Cabrio 2.0 TDI quattro 140 CP - Recondiţionată,Audi,196,A5 Cabrio,1109,2.0 TDI quattro,140,CNHA
1672,12,04L253010L,1,Turbina AUDI A5 Sportback 2.0 TDI 140 CP - Recondiţionată,Audi,197,A5 Sportback,1110,2.0 TDI,140,CNHA
1673,12,04L253010L,1,Turbina AUDI A5 Sportback 2.0 TDI quattro 140 CP - Recondiţionată,Audi,197,A5 Sportback,1111,2.0 TDI quattro,140,CNHA
1674,12,04L253010L,1,Turbina AUDI A6 C7 2.0 TDI 140 CP - Recondiţionată,Audi,198,A6 C7,1112,2.0 TDI,140,CNHA
1674,12,04L253010L,1,Turbina AUDI A6 C7 2.0 TDI 140 CP - Recondiţionată,Audi,198,A6 C7,1113,2.0 TDI,140,CZJA
1674,12,04L253010L,1,Turbina AUDI A6 C7 2.0 TDI 140 CP - Recondiţionată,Audi,198,A6 C7,1114,2.0 TDI,140,DDDA
1675,12,04L253010L,1,Turbina AUDI A6 C7 2.0 TDI quattro 140 CP - Recondiţionată,Audi,198,A6 C7,1115,2.0 TDI quattro,140,CNHA
1675,12,04L253010L,1,Turbina AUDI A6 C7 2.0 TDI quattro 140 CP - Recondiţionată,Audi,198,A6 C7,1116,2.0 TDI quattro,140,DDDA
1676,12,04L253010L,1,Turbina AUDI A6 C7 Avant 2.0 TDI quattro 140 CP - Recondiţionată,Audi,199,A6 C7 Avant,1117,2.0 TDI quattro,140,CNHA
1676,12,04L253010L,1,Turbina AUDI A6 C7 Avant 2.0 TDI quattro 140 CP - Recondiţionată,Audi,199,A6 C7 Avant,1118,2.0 TDI quattro,140,DDDA
1677,12,04L253010L,1,Turbina AUDI A6 C7 Avant 2.0 TDI 140 CP - Recondiţionată,Audi,199,A6 C7 Avant,1119,2.0 TDI,140,CNHA
1677,12,04L253010L,1,Turbina AUDI A6 C7 Avant 2.0 TDI 140 CP - Recondiţionată,Audi,199,A6 C7 Avant,1120,2.0 TDI,140,CZJA
1677,12,04L253010L,1,Turbina AUDI A6 C7 Avant 2.0 TDI 140 CP - Recondiţionată,Audi,199,A6 C7 Avant,1121,2.0 TDI,140,DDDA
1678,12,04L253010L,1,Turbina AUDI Q5 2.0 TDI quattro 140 CP - Recondiţionată,Audi,200,Q5,1122,2.0 TDI quattro,140,CNHA
1679,12,04L253010L,1,Turbina AUDI Q5 2.0 TDI 140 CP - Recondiţionată,Audi,200,Q5,1123,2.0 TDI,140,CNHA
1680,13,11652287498,5,Turbina BMW Seria 1 120 d 145 CP - Recondiţionată,BMW,201,Seria 1,1124,120 d,145,N47 D20 A
1680,13,11652287498,5,Turbina BMW Seria 1 120 d 145 CP - Recondiţionată,BMW,201,Seria 1,1125,120 d,145,N47 D20 C
1681,13,11652287498,5,Turbina BMW Seria 1 120 d 130 CP - Recondiţionată,BMW,201,Seria 1,1126,120 d,130,N47 D20 A
1681,13,11652287498,5,Turbina BMW Seria 1 120 d 130 CP - Recondiţionată,BMW,201,Seria 1,1127,120 d,130,N47 D20 C
1682,13,11652287498,5,Turbina BMW Seria 1 120 d 120 CP - Recondiţionată,BMW,201,Seria 1,1128,120 d,120,N47 D20 A
1682,13,11652287498,5,Turbina BMW Seria 1 120 d 120 CP - Recondiţionată,BMW,201,Seria 1,1129,120 d,120,N47 D20 C
1683,13,11652287498,5,Turbina BMW Seria 1 120 d 130 CP - Recondiţionată,BMW,201,Seria 1,1126,120 d,130,N47 D20 A
1683,13,11652287498,5,Turbina BMW Seria 1 120 d 130 CP - Recondiţionată,BMW,201,Seria 1,1127,120 d,130,N47 D20 C
1684,13,11652287498,5,Turbina BMW Seria 1 120 d 120 CP - Recondiţionată,BMW,201,Seria 1,1130,120 d,120,M47 D20
1684,13,11652287498,5,Turbina BMW Seria 1 120 d 120 CP - Recondiţionată,BMW,201,Seria 1,1128,120 d,120,N47 D20 A
1685,13,11652287498,5,Turbina BMW Seria 1 Cabrio 120 d 130 CP - Recondiţionată,BMW,202,Seria 1 Cabrio,1131,120 d,130,N47 D20 A
1685,13,11652287498,5,Turbina BMW Seria 1 Cabrio 120 d 130 CP - Recondiţionată,BMW,202,Seria 1 Cabrio,1132,120 d,130,N47 D20 C
1686,13,11652287498,5,Turbina BMW Seria 1 Cabrio 120 d 120 CP - Recondiţionată,BMW,202,Seria 1 Cabrio,1133,120 d,120,N47 D20 A
1686,13,11652287498,5,Turbina BMW Seria 1 Cabrio 120 d 120 CP - Recondiţionată,BMW,202,Seria 1 Cabrio,1134,120 d,120,N47 D20 C
1687,13,11652287498,5,Turbina BMW Seria 1 Cabrio 120 d 145 CP - Recondiţionată,BMW,202,Seria 1 Cabrio,1135,120 d,145,N47 D20 C
1688,13,11652287498,5,Turbina BMW Seria 1 Coupe 120 d 145 CP - Recondiţionată,BMW,203,Seria 1 Coupe,1136,120 d,145,N47 D20 A
1688,13,11652287498,5,Turbina BMW Seria 1 Coupe 120 d 145 CP - Recondiţionată,BMW,203,Seria 1 Coupe,1137,120 d,145,N47 D20 C
1689,13,11652287498,5,Turbina BMW Seria 1 Coupe 120 d 130 CP - Recondiţionată,BMW,203,Seria 1 Coupe,1138,120 d,130,N47 D20 A
1689,13,11652287498,5,Turbina BMW Seria 1 Coupe 120 d 130 CP - Recondiţionată,BMW,203,Seria 1 Coupe,1139,120 d,130,N47 D20 C
1690,13,11652287498,5,Turbina BMW Seria 1 Coupe 120 d 120 CP - Recondiţionată,BMW,203,Seria 1 Coupe,1140,120 d,120,N47 D20 A
1690,13,11652287498,5,Turbina BMW Seria 1 Coupe 120 d 120 CP - Recondiţionată,BMW,203,Seria 1 Coupe,1141,120 d,120,N47 D20 C
1691,13,11652287498,5,Turbina BMW Seria 3 320 d 120 CP - Recondiţionată,BMW,38,Seria 3,1142,320 d,120,M47 D20
1691,13,11652287498,5,Turbina BMW Seria 3 320 d 120 CP - Recondiţionată,BMW,38,Seria 3,1144,320 d,120,N47 D20 A
1691,13,11652287498,5,Turbina BMW Seria 3 320 d 120 CP - Recondiţionată,BMW,38,Seria 3,1143,320 d,120,N47 D20 C
1692,13,11652287498,5,Turbina BMW Seria 3 320 d 130 CP - Recondiţionată,BMW,38,Seria 3,1145,320 d,130,N47 D20 A
1692,13,11652287498,5,Turbina BMW Seria 3 320 d 130 CP - Recondiţionată,BMW,38,Seria 3,1146,320 d,130,N47 D20 C
1693,13,11652287498,5,Turbina BMW Seria 3 320 d xDrive 130 CP - Recondiţionată,BMW,38,Seria 3,1147,320 d xDrive,130,N47 D20 A
1693,13,11652287498,5,Turbina BMW Seria 3 320 d xDrive 130 CP - Recondiţionată,BMW,38,Seria 3,1148,320 d xDrive,130,N47 D20 C
1694,13,11652287498,5,Turbina BMW Seria 3 320 d xDrive 120 CP - Recondiţionată,BMW,38,Seria 3,1149,320 d xDrive,120,N47 D20 C
1695,13,11652287498,5,Turbina BMW Seria 3 Cabrio 320 d 120 CP - Recondiţionată,BMW,39,Seria 3 Cabrio,1150,320 d,120,N47 D20 C
1696,13,11652287498,5,Turbina BMW Seria 3 Cabrio 320 d 130 CP - Recondiţionată,BMW,39,Seria 3 Cabrio,1151,320 d,130,N47 D20 A
1696,13,11652287498,5,Turbina BMW Seria 3 Cabrio 320 d 130 CP - Recondiţionată,BMW,39,Seria 3 Cabrio,1152,320 d,130,N47 D20 C
1697,13,11652287498,5,Turbina BMW Seria 3 Cabrio 320 d 145 CP - Recondiţionată,BMW,39,Seria 3 Cabrio,1153,320 d,145,N47 D20 A
1697,13,11652287498,5,Turbina BMW Seria 3 Cabrio 320 d 145 CP - Recondiţionată,BMW,39,Seria 3 Cabrio,1154,320 d,145,N47 D20 C
1698,13,11652287498,5,Turbina BMW Seria 3 Coupe 320 d 145 CP - Recondiţionată,BMW,40,Seria 3 Coupe,1155,320 d,145,N47 D20 A
1698,13,11652287498,5,Turbina BMW Seria 3 Coupe 320 d 145 CP - Recondiţionată,BMW,40,Seria 3 Coupe,1156,320 d,145,N47 D20 C
1699,13,11652287498,5,Turbina BMW Seria 3 Coupe 320 d 130 CP - Recondiţionată,BMW,40,Seria 3 Coupe,1157,320 d,130,N47 D20 A
1699,13,11652287498,5,Turbina BMW Seria 3 Coupe 320 d 130 CP - Recondiţionată,BMW,40,Seria 3 Coupe,1158,320 d,130,N47 D20 C
1700,13,11652287498,5,Turbina BMW Seria 3 Coupe 320 d xDrive 120 CP - Recondiţionată,BMW,40,Seria 3 Coupe,1159,320 d xDrive,120,N47 D20 C
1701,13,11652287498,5,Turbina BMW Seria 3 Coupe 320 d xDrive 145 CP - Recondiţionată,BMW,40,Seria 3 Coupe,1160,320 d xDrive,145,N47 D20 C
1702,13,11652287498,5,Turbina BMW Seria 3 Coupe 320 d xDrive 130 CP - Recondiţionată,BMW,40,Seria 3 Coupe,1161,320 d xDrive,130,N47 D20 C
1703,13,11652287498,5,Turbina BMW Seria 3 Coupe 320 d 120 CP - Recondiţionată,BMW,40,Seria 3 Coupe,1162,320 d,120,N47 D20 A
1703,13,11652287498,5,Turbina BMW Seria 3 Coupe 320 d 120 CP - Recondiţionată,BMW,40,Seria 3 Coupe,1163,320 d,120,N47 D20 C
1704,13,11652287498,5,Turbina BMW Seria 3 Break 320 d xDrive 145 CP - Recondiţionată,BMW,41,Seria 3 Break,1164,320 d xDrive,145,N47 D20 C
1705,13,11652287498,5,Turbina BMW Seria 3 Break 320 d 120 CP - Recondiţionată,BMW,41,Seria 3 Break,1166,320 d,120,M47 D20
1705,13,11652287498,5,Turbina BMW Seria 3 Break 320 d 120 CP - Recondiţionată,BMW,41,Seria 3 Break,1167,320 d,120,N47 D20 A
1705,13,11652287498,5,Turbina BMW Seria 3 Break 320 d 120 CP - Recondiţionată,BMW,41,Seria 3 Break,1165,320 d,120,N47 D20 C
1706,13,11652287498,5,Turbina BMW Seria 3 Break 320 d xDrive 120 CP - Recondiţionată,BMW,41,Seria 3 Break,1168,320 d xDrive,120,N47 D20 C
1707,13,11652287498,5,Turbina BMW Seria 3 Break 320 d 130 CP - Recondiţionată,BMW,41,Seria 3 Break,1169,320 d,130,N47 D20 A
1707,13,11652287498,5,Turbina BMW Seria 3 Break 320 d 130 CP - Recondiţionată,BMW,41,Seria 3 Break,1170,320 d,130,N47 D20 C
1708,13,11652287498,5,Turbina BMW Seria 3 Break 320 d xDrive 130 CP - Recondiţionată,BMW,41,Seria 3 Break,1171,320 d xDrive,130,N47 D20 C
1709,13,11652287498,5,Turbina BMW Seria 3 Break 320 d 145 CP - Recondiţionată,BMW,41,Seria 3 Break,1172,320 d,145,N47 D20 A
1709,13,11652287498,5,Turbina BMW Seria 3 Break 320 d 145 CP - Recondiţionată,BMW,41,Seria 3 Break,1173,320 d,145,N47 D20 C
1710,13,11652287498,5,Turbina BMW Seria 5 520 d 130 CP - Recondiţionată,BMW,204,Seria 5,1174,520 d,130,N47 D20 A
1710,13,11652287498,5,Turbina BMW Seria 5 520 d 130 CP - Recondiţionată,BMW,204,Seria 5,1175,520 d,130,N47 D20 C
1711,13,11652287498,5,Turbina BMW Seria 5 520 d 120 CP - Recondiţionată,BMW,204,Seria 5,1177,520 d,120,M47 D20
1711,13,11652287498,5,Turbina BMW Seria 5 520 d 120 CP - Recondiţionată,BMW,204,Seria 5,1178,520 d,120,N47 D20 A
1711,13,11652287498,5,Turbina BMW Seria 5 520 d 120 CP - Recondiţionată,BMW,204,Seria 5,1176,520 d,120,N47 D20 C
1712,13,11652287498,5,Turbina BMW 5 Break 520 d 120 CP - Recondiţionată,BMW,205,5 Break,1180,520 d,120,M47 D20
1712,13,11652287498,5,Turbina BMW 5 Break 520 d 120 CP - Recondiţionată,BMW,205,5 Break,1181,520 d,120,N47 D20 A
1712,13,11652287498,5,Turbina BMW 5 Break 520 d 120 CP - Recondiţionată,BMW,205,5 Break,1179,520 d,120,N47 D20 C
1713,13,11652287498,5,Turbina BMW 5 Break 520 d 130 CP - Recondiţionată,BMW,205,5 Break,1182,520 d,130,N47 D20 A
1713,13,11652287498,5,Turbina BMW 5 Break 520 d 130 CP - Recondiţionată,BMW,205,5 Break,1183,520 d,130,N47 D20 C
1714,13,11652287498,5,Turbina BMW X1 sDrive 20 d 130 CP - Recondiţionată,BMW,206,X1,1184,sDrive 20 d,130,N47 D20 C
1715,13,11652287498,5,Turbina BMW X1 xDrive 20 d 130 CP - Recondiţionată,BMW,206,X1,1185,xDrive 20 d,130,N47 D20 C
1716,13,11652287498,5,Turbina BMW X1 xDrive 20 d 120 CP - Recondiţionată,BMW,206,X1,1186,xDrive 20 d,120,N47 D20 C
1717,13,11652287498,5,Turbina BMW X3 xDrive 18 d 105 CP - Recondiţionată,BMW,42,X3,1187,xDrive 18 d,105,N47 D20 C
1718,13,11652287498,5,Turbina BMW X3 2.0 sd 130 CP - Recondiţionată,BMW,42,X3,1188,2.0 sd,130,N47 D20 A
1719,13,11652287498,5,Turbina BMW X3 xDrive 18 d 100 CP - Recondiţionată,BMW,42,X3,1189,xDrive 18 d,100,N47 D20 C
1720,13,11652287498,5,Turbina BMW X3 xDrive 20 d 130 CP - Recondiţionată,BMW,42,X3,1190,xDrive 20 d,130,N47 D20 A
1720,13,11652287498,5,Turbina BMW X3 xDrive 20 d 130 CP - Recondiţionată,BMW,42,X3,1191,xDrive 20 d,130,N47 D20 C
1721,13,11652287498,5,Turbina BMW X3 xDrive 20 d 120 CP - Recondiţionată,BMW,42,X3,1192,xDrive 20 d,120,N47 D20 A
1721,13,11652287498,5,Turbina BMW X3 xDrive 20 d 120 CP - Recondiţionată,BMW,42,X3,1193,xDrive 20 d,120,N47 D20 C
1722,13,11652287498,5,Turbina BMW X3 sDrive 18 d 100 CP - Recondiţionată,BMW,42,X3,1194,sDrive 18 d,100,N47 D20 C
1723,14,03G253010JV,1,Turbina AUDI A3 2.0 TDI 16V quattro 103 CP - Recondiţionată,Audi,2,A3,426,2.0 TDI 16V quattro,103,BKD
1723,14,03G253010JV,1,Turbina AUDI A3 2.0 TDI 16V quattro 103 CP - Recondiţionată,Audi,2,A3,427,2.0 TDI 16V quattro,103,CBAB
1723,14,03G253010JV,1,Turbina AUDI A3 2.0 TDI 16V quattro 103 CP - Recondiţionată,Audi,2,A3,425,2.0 TDI 16V quattro,103,CFFB
1724,14,03G253010JV,1,Turbina AUDI A3 2.0 TDI quattro 100 CP - Recondiţionată,Audi,2,A3,1195,2.0 TDI quattro,100,AZV
1725,14,03G253010JV,1,Turbina AUDI A3 2.0 TDI 100 CP - Recondiţionată,Audi,2,A3,428,2.0 TDI,100,AZV
1725,14,03G253010JV,1,Turbina AUDI A3 2.0 TDI 100 CP - Recondiţionată,Audi,2,A3,430,2.0 TDI,100,CBAA
1725,14,03G253010JV,1,Turbina AUDI A3 2.0 TDI 100 CP - Recondiţionată,Audi,2,A3,429,2.0 TDI,100,CFFA
1726,14,03G253010JV,1,Turbina AUDI A3 Sportback 2.0 TDI 16V 103 CP - Recondiţionată,Audi,5,A3 Sportback,441,2.0 TDI 16V,103,BKD
1726,14,03G253010JV,1,Turbina AUDI A3 Sportback 2.0 TDI 16V 103 CP - Recondiţionată,Audi,5,A3 Sportback,442,2.0 TDI 16V,103,CBAB
1726,14,03G253010JV,1,Turbina AUDI A3 Sportback 2.0 TDI 16V 103 CP - Recondiţionată,Audi,5,A3 Sportback,438,2.0 TDI 16V,103,CBEA
1726,14,03G253010JV,1,Turbina AUDI A3 Sportback 2.0 TDI 16V 103 CP - Recondiţionată,Audi,5,A3 Sportback,440,2.0 TDI 16V,103,CFFB
1726,14,03G253010JV,1,Turbina AUDI A3 Sportback 2.0 TDI 16V 103 CP - Recondiţionată,Audi,5,A3 Sportback,439,2.0 TDI 16V,103,CLJA
1727,14,03G253010JV,1,Turbina AUDI A3 Sportback 2.0 TDI 100 CP - Recondiţionată,Audi,5,A3 Sportback,443,2.0 TDI,100,AZV
1727,14,03G253010JV,1,Turbina AUDI A3 Sportback 2.0 TDI 100 CP - Recondiţionată,Audi,5,A3 Sportback,445,2.0 TDI,100,CBAA
1727,14,03G253010JV,1,Turbina AUDI A3 Sportback 2.0 TDI 100 CP - Recondiţionată,Audi,5,A3 Sportback,444,2.0 TDI,100,CFFA
1728,14,03G253010JV,2,Turbina SEAT ALTEA 2.0 TDI 100 CP - Recondiţionată,SEAT,93,ALTEA,1196,2.0 TDI,100,AZV
1729,14,03G253010JV,2,Turbina SEAT ALTEA 2.0 TDI 16V 103 CP - Recondiţionată,SEAT,93,ALTEA,453,2.0 TDI 16V,103,BKD
1729,14,03G253010JV,2,Turbina SEAT ALTEA 2.0 TDI 16V 103 CP - Recondiţionată,SEAT,93,ALTEA,452,2.0 TDI 16V,103,CFHC
1730,14,03G253010JV,2,Turbina SEAT ALTEA XL 2.0 TDI 100 CP - Recondiţionată,SEAT,94,ALTEA XL,1197,2.0 TDI,100,AZV
1731,14,03G253010JV,2,Turbina SEAT LEON 2.0 TDI 16V 103 CP - Recondiţionată,SEAT,12,LEON,459,2.0 TDI 16V,103,BKD
1731,14,03G253010JV,2,Turbina SEAT LEON 2.0 TDI 16V 103 CP - Recondiţionată,SEAT,12,LEON,458,2.0 TDI 16V,103,CFHC
1731,14,03G253010JV,2,Turbina SEAT LEON 2.0 TDI 16V 103 CP - Recondiţionată,SEAT,12,LEON,457,2.0 TDI 16V,103,CLCB
1732,14,03G253010JV,2,Turbina SEAT LEON 2.0 TDI 100 CP - Recondiţionată,SEAT,12,LEON,1198,2.0 TDI,100,AZV
1733,14,03G253010JV,3,Turbina SKODA OCTAVIA II 2.0 TDI 16V 103 CP - Recondiţionată,SKODA,95,OCTAVIA II,462,2.0 TDI 16V,103,BKD
1733,14,03G253010JV,3,Turbina SKODA OCTAVIA II 2.0 TDI 16V 103 CP - Recondiţionată,SKODA,95,OCTAVIA II,464,2.0 TDI 16V,103,CFHC
1733,14,03G253010JV,3,Turbina SKODA OCTAVIA II 2.0 TDI 16V 103 CP - Recondiţionată,SKODA,95,OCTAVIA II,463,2.0 TDI 16V,103,CLCB
1734,14,03G253010JV,3,Turbina SKODA OCTAVIA II Combi 2.0 TDI 16V 103 CP - Recondiţionată,SKODA,96,OCTAVIA II Combi,467,2.0 TDI 16V,103,BKD
1734,14,03G253010JV,3,Turbina SKODA OCTAVIA II Combi 2.0 TDI 16V 103 CP - Recondiţionată,SKODA,96,OCTAVIA II Combi,469,2.0 TDI 16V,103,CFHC
1734,14,03G253010JV,3,Turbina SKODA OCTAVIA II Combi 2.0 TDI 16V 103 CP - Recondiţionată,SKODA,96,OCTAVIA II Combi,468,2.0 TDI 16V,103,CLCB
1735,14,03G253010JV,4,Turbina VW GOLF PLUS V 2.0 TDI 100 CP - Recondiţionată,VW,110,GOLF PLUS V,537,2.0 TDI,100,AZV
1735,14,03G253010JV,4,Turbina VW GOLF PLUS V 2.0 TDI 100 CP - Recondiţionată,VW,110,GOLF PLUS V,538,2.0 TDI,100,CBDA
1735,14,03G253010JV,4,Turbina VW GOLF PLUS V 2.0 TDI 100 CP - Recondiţionată,VW,110,GOLF PLUS V,536,2.0 TDI,100,CFHB
1736,14,03G253010JV,4,Turbina VW GOLF V 2.0 TDI 100 CP - Recondiţionată,VW,207,GOLF V,1199,2.0 TDI,100,AZV
1737,14,03G253010JV,4,Turbina VW GOLF V 2.0 TDI 16V 103 CP - Recondiţionată,VW,207,GOLF V,1200,2.0 TDI 16V,103,BKD
1738,14,03G253010JV,4,Turbina VW JETTA III 2.0 TDI 100 CP - Recondiţionată,VW,185,JETTA III,1201,2.0 TDI,100,AZV
1738,14,03G253010JV,4,Turbina VW JETTA III 2.0 TDI 100 CP - Recondiţionată,VW,185,JETTA III,1202,2.0 TDI,100,CBDA
1739,14,03G253010JV,4,Turbina VW PASSAT B6 2.0 TDI 100 CP - Recondiţionată,VW,186,PASSAT B6,1204,2.0 TDI,100,BMA
1739,14,03G253010JV,4,Turbina VW PASSAT B6 2.0 TDI 100 CP - Recondiţionată,VW,186,PASSAT B6,1203,2.0 TDI,100,CBAA
1740,14,03G253010JV,4,Turbina VW PASSAT B6 2.0 TDI 16V 4motion 103 CP - Recondiţionată,VW,186,PASSAT B6,1206,2.0 TDI 16V 4motion,103,BKP
1740,14,03G253010JV,4,Turbina VW PASSAT B6 2.0 TDI 16V 4motion 103 CP - Recondiţionată,VW,186,PASSAT B6,1205,2.0 TDI 16V 4motion,103,CBAB
1741,14,03G253010JV,4,Turbina VW PASSAT B6 Variant 2.0 TDI 16V 4motion 103 CP - Recondiţionată,VW,187,PASSAT B6 Variant,1208,2.0 TDI 16V 4motion,103,BKP
1741,14,03G253010JV,4,Turbina VW PASSAT B6 Variant 2.0 TDI 16V 4motion 103 CP - Recondiţionată,VW,187,PASSAT B6 Variant,1207,2.0 TDI 16V 4motion,103,CBAB
1742,14,03G253010JV,4,Turbina VW PASSAT B6 Variant 2.0 TDI 100 CP - Recondiţionată,VW,187,PASSAT B6 Variant,1210,2.0 TDI,100,BMA
1742,14,03G253010JV,4,Turbina VW PASSAT B6 Variant 2.0 TDI 100 CP - Recondiţionată,VW,187,PASSAT B6 Variant,1209,2.0 TDI,100,CBAA
1743,14,03G253010JV,4,Turbina VW TOURAN 2.0 TDI 16V 103 CP - Recondiţionată,VW,37,TOURAN,1211,2.0 TDI 16V,103,BKD
1744,15,038253010C,1,Turbina AUDI A3 Sportback 1.9 TDI 77 CP - Recondiţionată,Audi,5,A3 Sportback,1214,1.9 TDI,77,BKC
1744,15,038253010C,1,Turbina AUDI A3 Sportback 1.9 TDI 77 CP - Recondiţionată,Audi,5,A3 Sportback,1213,1.9 TDI,77,BLS
1744,15,038253010C,1,Turbina AUDI A3 Sportback 1.9 TDI 77 CP - Recondiţionată,Audi,5,A3 Sportback,1212,1.9 TDI,77,BXE
1745,15,038253010C,2,Turbina SEAT ALTEA 1.9 TDI 77 CP - Recondiţionată,SEAT,93,ALTEA,1218,1.9 TDI,77,BJB
1745,15,038253010C,2,Turbina SEAT ALTEA 1.9 TDI 77 CP - Recondiţionată,SEAT,93,ALTEA,1217,1.9 TDI,77,BKC
1745,15,038253010C,2,Turbina SEAT ALTEA 1.9 TDI 77 CP - Recondiţionată,SEAT,93,ALTEA,1215,1.9 TDI,77,BLS
1745,15,038253010C,2,Turbina SEAT ALTEA 1.9 TDI 77 CP - Recondiţionată,SEAT,93,ALTEA,1216,1.9 TDI,77,BXE
1746,15,038253010C,2,Turbina SEAT ALTEA XL 1.9 TDI 77 CP - Recondiţionată,SEAT,94,ALTEA XL,1221,1.9 TDI,77,BKC
1746,15,038253010C,2,Turbina SEAT ALTEA XL 1.9 TDI 77 CP - Recondiţionată,SEAT,94,ALTEA XL,1219,1.9 TDI,77,BLS
1746,15,038253010C,2,Turbina SEAT ALTEA XL 1.9 TDI 77 CP - Recondiţionată,SEAT,94,ALTEA XL,1220,1.9 TDI,77,BXE
1747,15,038253010C,2,Turbina SEAT LEON 1.9 TDI 77 CP - Recondiţionată,SEAT,12,LEON,1224,1.9 TDI,77,BKC
1747,15,038253010C,2,Turbina SEAT LEON 1.9 TDI 77 CP - Recondiţionată,SEAT,12,LEON,1222,1.9 TDI,77,BLS
1747,15,038253010C,2,Turbina SEAT LEON 1.9 TDI 77 CP - Recondiţionată,SEAT,12,LEON,1223,1.9 TDI,77,BXE
1748,15,038253010C,3,Turbina SKODA OCTAVIA II 1.9 TDI 77 CP - Recondiţionată,SKODA,95,OCTAVIA II,1227,1.9 TDI,77,BJB
1748,15,038253010C,3,Turbina SKODA OCTAVIA II 1.9 TDI 77 CP - Recondiţionată,SKODA,95,OCTAVIA II,1226,1.9 TDI,77,BKC
1748,15,038253010C,3,Turbina SKODA OCTAVIA II 1.9 TDI 77 CP - Recondiţionată,SKODA,95,OCTAVIA II,1228,1.9 TDI,77,BLS
1748,15,038253010C,3,Turbina SKODA OCTAVIA II 1.9 TDI 77 CP - Recondiţionată,SKODA,95,OCTAVIA II,1225,1.9 TDI,77,BXE
1749,15,038253010C,3,Turbina SKODA OCTAVIA II Combi 1.9 TDI 77 CP - Recondiţionată,SKODA,96,OCTAVIA II Combi,1231,1.9 TDI,77,BJB
1749,15,038253010C,3,Turbina SKODA OCTAVIA II Combi 1.9 TDI 77 CP - Recondiţionată,SKODA,96,OCTAVIA II Combi,1230,1.9 TDI,77,BKC
1749,15,038253010C,3,Turbina SKODA OCTAVIA II Combi 1.9 TDI 77 CP - Recondiţionată,SKODA,96,OCTAVIA II Combi,1232,1.9 TDI,77,BLS
1749,15,038253010C,3,Turbina SKODA OCTAVIA II Combi 1.9 TDI 77 CP - Recondiţionată,SKODA,96,OCTAVIA II Combi,1229,1.9 TDI,77,BXE
1750,15,038253010C,3,Turbina SKODA OCTAVIA II Combi 1.9 TDI 4x4 77 CP - Recondiţionată,SKODA,96,OCTAVIA II Combi,1234,1.9 TDI 4x4,77,BKC
1750,15,038253010C,3,Turbina SKODA OCTAVIA II Combi 1.9 TDI 4x4 77 CP - Recondiţionată,SKODA,96,OCTAVIA II Combi,1235,1.9 TDI 4x4,77,BLS
1750,15,038253010C,3,Turbina SKODA OCTAVIA II Combi 1.9 TDI 4x4 77 CP - Recondiţionată,SKODA,96,OCTAVIA II Combi,1233,1.9 TDI 4x4,77,BXE
1751,15,038253010C,3,Turbina SKODA SUPERB II 1.9 TDI 77 CP - Recondiţionată,SKODA,97,SUPERB II,1237,1.9 TDI,77,BLS
1751,15,038253010C,3,Turbina SKODA SUPERB II 1.9 TDI 77 CP - Recondiţionată,SKODA,97,SUPERB II,1236,1.9 TDI,77,BXE
1752,15,038253010C,3,Turbina SKODA SUPERB II Estate 1.9 TDI 77 CP - Recondiţionată,SKODA,98,SUPERB II Estate,1239,1.9 TDI,77,BLS
1752,15,038253010C,3,Turbina SKODA SUPERB II Estate 1.9 TDI 77 CP - Recondiţionată,SKODA,98,SUPERB II Estate,1238,1.9 TDI,77,BXE
1753,15,038253010C,4,Turbina VW CADDY III Box Body/MPV 1.9 TDI 77 CP - Recondiţionată,VW,104,CADDY III Box Body/MPV,1240,1.9 TDI,77,BJB
1753,15,038253010C,4,Turbina VW CADDY III Box Body/MPV 1.9 TDI 77 CP - Recondiţionată,VW,104,CADDY III Box Body/MPV,1241,1.9 TDI,77,BLS
1754,15,038253010C,4,Turbina VW CADDY III MPV 1.9 TDI 77 CP - Recondiţionată,VW,105,CADDY III MPV,1242,1.9 TDI,77,BJB
1754,15,038253010C,4,Turbina VW CADDY III MPV 1.9 TDI 77 CP - Recondiţionată,VW,105,CADDY III MPV,1243,1.9 TDI,77,BLS
1755,15,038253010C,4,Turbina VW GOLF PLUS V 1.9 TDI 66 CP - Recondiţionată,VW,110,GOLF PLUS V,1244,1.9 TDI,66,BRU
1755,15,038253010C,4,Turbina VW GOLF PLUS V 1.9 TDI 66 CP - Recondiţionată,VW,110,GOLF PLUS V,1245,1.9 TDI,66,BXF
1755,15,038253010C,4,Turbina VW GOLF PLUS V 1.9 TDI 66 CP - Recondiţionată,VW,110,GOLF PLUS V,1246,1.9 TDI,66,BXJ
1756,15,038253010C,4,Turbina VW GOLF V 1.9 TDI 77 CP - Recondiţionată,VW,207,GOLF V,1249,1.9 TDI,77,BKC
1756,15,038253010C,4,Turbina VW GOLF V 1.9 TDI 77 CP - Recondiţionată,VW,207,GOLF V,1248,1.9 TDI,77,BLS
1756,15,038253010C,4,Turbina VW GOLF V 1.9 TDI 77 CP - Recondiţionată,VW,207,GOLF V,1247,1.9 TDI,77,BXE
1757,15,038253010C,4,Turbina VW GOLF V 1.9 TDI 66 CP - Recondiţionată,VW,207,GOLF V,1250,1.9 TDI,66,BRU
1757,15,038253010C,4,Turbina VW GOLF V 1.9 TDI 66 CP - Recondiţionată,VW,207,GOLF V,1252,1.9 TDI,66,BXF
1757,15,038253010C,4,Turbina VW GOLF V 1.9 TDI 66 CP - Recondiţionată,VW,207,GOLF V,1251,1.9 TDI,66,BXJ
1758,15,038253010C,4,Turbina VW GOLF V Variant 1.9 TDI 77 CP - Recondiţionată,VW,208,GOLF V Variant,1254,1.9 TDI,77,BLS
1758,15,038253010C,4,Turbina VW GOLF V Variant 1.9 TDI 77 CP - Recondiţionată,VW,208,GOLF V Variant,1253,1.9 TDI,77,BXE
1759,15,038253010C,4,Turbina VW PASSAT B6 Variant 1.9 TDI 77 CP - Recondiţionată,VW,187,PASSAT B6 Variant,1257,1.9 TDI,77,BKC
1759,15,038253010C,4,Turbina VW PASSAT B6 Variant 1.9 TDI 77 CP - Recondiţionată,VW,187,PASSAT B6 Variant,1256,1.9 TDI,77,BLS
1759,15,038253010C,4,Turbina VW PASSAT B6 Variant 1.9 TDI 77 CP - Recondiţionată,VW,187,PASSAT B6 Variant,1255,1.9 TDI,77,BXE
1760,15,038253010C,4,Turbina VW TOURAN 1.9 TDI 74 CP - Recondiţionată,VW,37,TOURAN,1258,1.9 TDI,74,AVQ
1761,15,038253010C,4,Turbina VW TOURAN 1.9 TDI 66 CP - Recondiţionată,VW,37,TOURAN,1259,1.9 TDI,66,BRU
1761,15,038253010C,4,Turbina VW TOURAN 1.9 TDI 66 CP - Recondiţionată,VW,37,TOURAN,1261,1.9 TDI,66,BXF
1761,15,038253010C,4,Turbina VW TOURAN 1.9 TDI 66 CP - Recondiţionată,VW,37,TOURAN,1260,1.9 TDI,66,BXJ
1762,15,038253010C,4,Turbina VW TOURAN 1.9 TDI 77 CP - Recondiţionată,VW,37,TOURAN,1264,1.9 TDI,77,BKC
1762,15,038253010C,4,Turbina VW TOURAN 1.9 TDI 77 CP - Recondiţionată,VW,37,TOURAN,1263,1.9 TDI,77,BLS
1762,15,038253010C,4,Turbina VW TOURAN 1.9 TDI 77 CP - Recondiţionată,VW,37,TOURAN,1262,1.9 TDI,77,BXE
1763,15,038253010C,4,Turbina VW TOURAN Box Body/MPV 1.9 TDI 66 CP - Recondiţionată,VW,127,TOURAN Box Body/MPV,1265,1.9 TDI,66,BRU
1763,15,038253010C,4,Turbina VW TOURAN Box Body/MPV 1.9 TDI 66 CP - Recondiţionată,VW,127,TOURAN Box Body/MPV,1266,1.9 TDI,66,BXF
1763,15,038253010C,4,Turbina VW TOURAN Box Body/MPV 1.9 TDI 66 CP - Recondiţionată,VW,127,TOURAN Box Body/MPV,1267,1.9 TDI,66,BXJ
1764,15,038253010C,4,Turbina VW TOURAN Box Body/MPV 1.9 TDI 77 CP - Recondiţionată,VW,127,TOURAN Box Body/MPV,1268,1.9 TDI,77,BKC
1764,15,038253010C,4,Turbina VW TOURAN Box Body/MPV 1.9 TDI 77 CP - Recondiţionată,VW,127,TOURAN Box Body/MPV,1269,1.9 TDI,77,BXE
1765,16,2823127400,15,Turbina HYUNDAI ELANTRA III 2.0 CRDi 83 CP - Recondiţionată,HYUNDAI,209,ELANTRA III,1270,2.0 CRDi,83,D4EA
1766,16,2823127400,15,Turbina HYUNDAI ELANTRA III Saloon 2.0 CRDi 83 CP - Recondiţionată,HYUNDAI,210,ELANTRA III Saloon,1271,2.0 CRDi,83,D4EA
1767,16,2823127400,15,Turbina HYUNDAI HIGHWAY VAN 2.0 CRDi 83 CP - Recondiţionată,HYUNDAI,211,HIGHWAY VAN,1272,2.0 CRDi,83,D4EA
1768,16,2823127400,15,Turbina HYUNDAI SANTA FÉ I 2.0 CRDi 83 CP - Recondiţionată,HYUNDAI,212,SANTA FÉ I,1273,2.0 CRDi,83,D4EA
1769,16,2823127400,15,Turbina HYUNDAI SANTA FÉ I 2.0 CRDi All-wheel Drive 107 CP - Recondiţionată,HYUNDAI,212,SANTA FÉ I,1274,2.0 CRDi All-wheel Drive,107,D4EA
1770,16,2823127400,15,Turbina HYUNDAI TRAJET 2.0 CRDi 83 CP - Recondiţionată,HYUNDAI,213,TRAJET,1275,2.0 CRDi,83,D4EA
1771,16,2823127400,15,Turbina HYUNDAI TUCSON 2.0 CRDi All-wheel Drive 103 CP - Recondiţionată,HYUNDAI,214,TUCSON,1276,2.0 CRDi All-wheel Drive,103,D4EA
1772,16,2823127400,15,Turbina HYUNDAI TUCSON 2.0 CRDi 103 CP - Recondiţionată,HYUNDAI,214,TUCSON,1277,2.0 CRDi,103,D4EA
1773,16,2823127400,15,Turbina HYUNDAI TUCSON 2.0 CRDi All-wheel Drive 83 CP - Recondiţionată,HYUNDAI,214,TUCSON,1278,2.0 CRDi All-wheel Drive,83,D4EA
1774,16,2823127400,15,Turbina HYUNDAI TUCSON 2.0 CRDi 83 CP - Recondiţionată,HYUNDAI,214,TUCSON,1279,2.0 CRDi,83,D4EA
1775,16,2823127400,15,Turbina HYUNDAI TUCSON 2.0 CRDi All-wheel Drive 110 CP - Recondiţionată,HYUNDAI,214,TUCSON,1280,2.0 CRDi All-wheel Drive,110,D4EA
1776,16,2823127400,15,Turbina HYUNDAI TUCSON 2.0 CRDi 100 CP - Recondiţionată,HYUNDAI,214,TUCSON,1281,2.0 CRDi,100,D4EA
1777,16,2823127400,15,Turbina HYUNDAI TUCSON 2.0 CRDi All-wheel Drive 88 CP - Recondiţionată,HYUNDAI,214,TUCSON,1282,2.0 CRDi All-wheel Drive,88,D4EA
1778,16,2823127400,15,Turbina HYUNDAI TUCSON 2.0 CRDi All-wheel Drive 100 CP - Recondiţionată,HYUNDAI,214,TUCSON,1283,2.0 CRDi All-wheel Drive,100,D4EA
1779,16,2823127400,15,Turbina HYUNDAI TUCSON 2.0 CRDi 110 CP - Recondiţionată,HYUNDAI,214,TUCSON,1284,2.0 CRDi,110,D4EA
1780,16,2823127400,15,Turbina HYUNDAI TUCSON 2.0 CRDi 88 CP - Recondiţionată,HYUNDAI,214,TUCSON,1285,2.0 CRDi,88,D4EA
1781,16,2823127400,15,Turbina HYUNDAI TUCSON SUV Van CRDi VGT 110 CP - Recondiţionată,HYUNDAI,215,TUCSON SUV Van,1286,CRDi VGT,110,D4EA
1782,16,2823127400,15,Turbina HYUNDAI TUCSON SUV Van CRDi 103 CP - Recondiţionată,HYUNDAI,215,TUCSON SUV Van,1287,CRDi,103,D4EA
1783,16,2823127400,16,Turbina KIA CARENS I MPV 2.0 CRDi 103 CP - Recondiţionată,KIA,216,CARENS I MPV,1288,2.0 CRDi,103,D4EA
1784,16,2823127400,16,Turbina KIA MAGENTIS II 2.0 CRDi 100 CP - Recondiţionată,KIA,217,MAGENTIS II,1289,2.0 CRDi,100,D4EA
1785,16,2823127400,16,Turbina KIA SPORTAGE II 2.0 CRDi 110 CP - Recondiţionată,KIA,218,SPORTAGE II,1290,2.0 CRDi,110,D4EA
1786,16,2823127400,16,Turbina KIA SPORTAGE II 2.0 CRDi 4WD 83 CP - Recondiţionată,KIA,218,SPORTAGE II,1291,2.0 CRDi 4WD,83,D4EA
1787,16,2823127400,16,Turbina KIA SPORTAGE II 2.0 CRDi 4WD 103 CP - Recondiţionată,KIA,218,SPORTAGE II,1292,2.0 CRDi 4WD,103,D4EA
1788,16,2823127400,16,Turbina KIA SPORTAGE II 2.0 CRDi 83 CP - Recondiţionată,KIA,218,SPORTAGE II,1293,2.0 CRDi,83,D4EA
1789,16,2823127400,16,Turbina KIA SPORTAGE II 2.0 CRDi 103 CP - Recondiţionată,KIA,218,SPORTAGE II,1294,2.0 CRDi,103,D4EA
1790,16,2823127400,16,Turbina KIA SPORTAGE II 2.0 CRDi 4WD 110 CP - Recondiţionată,KIA,218,SPORTAGE II,1295,2.0 CRDi 4WD,110,D4EA
1791,16,2823127400,16,Turbina KIA SPORTAGE II 2.0 CRDi 100 CP - Recondiţionată,KIA,218,SPORTAGE II,1296,2.0 CRDi,100,D4EA
1792,16,2823127400,16,Turbina KIA SPORTAGE II 2.0 CRDi 4WD 100 CP - Recondiţionată,KIA,218,SPORTAGE II,1297,2.0 CRDi 4WD,100,D4EA
1793,16,2823127400,16,Turbina KIA SPORTAGE II VAN 2.0 CRDi 110 CP - Recondiţionată,KIA,219,SPORTAGE II VAN,1298,2.0 CRDi,110,D4EA
1794,16,2823127400,16,Turbina KIA SPORTAGE II VAN 2.0 CRDi 4WD 110 CP - Recondiţionată,KIA,219,SPORTAGE II VAN,1299,2.0 CRDi 4WD,110,D4EA
1795,17,038253019J,1,Turbina AUDI A3 1.9 TDI 77 CP - Recondiţionată,Audi,2,A3,1302,1.9 TDI,77,BKC
1795,17,038253019J,1,Turbina AUDI A3 1.9 TDI 77 CP - Recondiţionată,Audi,2,A3,1301,1.9 TDI,77,BLS
1795,17,038253019J,1,Turbina AUDI A3 1.9 TDI 77 CP - Recondiţionată,Audi,2,A3,1300,1.9 TDI,77,BXE
1796,17,038253019J,1,Turbina AUDI A3 Sportback 1.9 TDI 77 CP - Recondiţionată,Audi,5,A3 Sportback,1214,1.9 TDI,77,BKC
1796,17,038253019J,1,Turbina AUDI A3 Sportback 1.9 TDI 77 CP - Recondiţionată,Audi,5,A3 Sportback,1213,1.9 TDI,77,BLS
1796,17,038253019J,1,Turbina AUDI A3 Sportback 1.9 TDI 77 CP - Recondiţionată,Audi,5,A3 Sportback,1212,1.9 TDI,77,BXE
1797,17,038253019J,2,Turbina SEAT ALTEA 1.9 TDI 77 CP - Recondiţionată,SEAT,93,ALTEA,1218,1.9 TDI,77,BJB
1797,17,038253019J,2,Turbina SEAT ALTEA 1.9 TDI 77 CP - Recondiţionată,SEAT,93,ALTEA,1217,1.9 TDI,77,BKC
1797,17,038253019J,2,Turbina SEAT ALTEA 1.9 TDI 77 CP - Recondiţionată,SEAT,93,ALTEA,1215,1.9 TDI,77,BLS
1797,17,038253019J,2,Turbina SEAT ALTEA 1.9 TDI 77 CP - Recondiţionată,SEAT,93,ALTEA,1216,1.9 TDI,77,BXE
1798,17,038253019J,2,Turbina SEAT ALTEA 1.9 TDI 66 CP - Recondiţionată,SEAT,93,ALTEA,1303,1.9 TDI,66,BXF
1799,17,038253019J,2,Turbina SEAT ALTEA XL 1.9 TDI 77 CP - Recondiţionată,SEAT,94,ALTEA XL,1221,1.9 TDI,77,BKC
1799,17,038253019J,2,Turbina SEAT ALTEA XL 1.9 TDI 77 CP - Recondiţionată,SEAT,94,ALTEA XL,1219,1.9 TDI,77,BLS
1799,17,038253019J,2,Turbina SEAT ALTEA XL 1.9 TDI 77 CP - Recondiţionată,SEAT,94,ALTEA XL,1220,1.9 TDI,77,BXE
1800,17,038253019J,2,Turbina SEAT ALTEA XL 1.9 TDI 66 CP - Recondiţionată,SEAT,94,ALTEA XL,1304,1.9 TDI,66,BXF
1801,17,038253019J,2,Turbina SEAT LEON 1.9 TDI 66 CP - Recondiţionată,SEAT,12,LEON,1305,1.9 TDI,66,BXF
1802,17,038253019J,2,Turbina SEAT LEON 1.9 TDI 77 CP - Recondiţionată,SEAT,12,LEON,1224,1.9 TDI,77,BKC
1802,17,038253019J,2,Turbina SEAT LEON 1.9 TDI 77 CP - Recondiţionată,SEAT,12,LEON,1222,1.9 TDI,77,BLS
1802,17,038253019J,2,Turbina SEAT LEON 1.9 TDI 77 CP - Recondiţionată,SEAT,12,LEON,1223,1.9 TDI,77,BXE
1803,17,038253019J,2,Turbina SEAT TOLEDO III 1.9 TDI 77 CP - Recondiţionată,SEAT,184,TOLEDO III,1309,1.9 TDI,77,BJB
1803,17,038253019J,2,Turbina SEAT TOLEDO III 1.9 TDI 77 CP - Recondiţionată,SEAT,184,TOLEDO III,1308,1.9 TDI,77,BKC
1803,17,038253019J,2,Turbina SEAT TOLEDO III 1.9 TDI 77 CP - Recondiţionată,SEAT,184,TOLEDO III,1306,1.9 TDI,77,BLS
1803,17,038253019J,2,Turbina SEAT TOLEDO III 1.9 TDI 77 CP - Recondiţionată,SEAT,184,TOLEDO III,1307,1.9 TDI,77,BXE
1804,17,038253019J,3,Turbina SKODA OCTAVIA II 1.9 TDI 77 CP - Recondiţionată,SKODA,95,OCTAVIA II,1227,1.9 TDI,77,BJB
1804,17,038253019J,3,Turbina SKODA OCTAVIA II 1.9 TDI 77 CP - Recondiţionată,SKODA,95,OCTAVIA II,1226,1.9 TDI,77,BKC
1804,17,038253019J,3,Turbina SKODA OCTAVIA II 1.9 TDI 77 CP - Recondiţionată,SKODA,95,OCTAVIA II,1228,1.9 TDI,77,BLS
1804,17,038253019J,3,Turbina SKODA OCTAVIA II 1.9 TDI 77 CP - Recondiţionată,SKODA,95,OCTAVIA II,1225,1.9 TDI,77,BXE
1805,17,038253019J,3,Turbina SKODA OCTAVIA II Combi 1.9 TDI 77 CP - Recondiţionată,SKODA,96,OCTAVIA II Combi,1231,1.9 TDI,77,BJB
1805,17,038253019J,3,Turbina SKODA OCTAVIA II Combi 1.9 TDI 77 CP - Recondiţionată,SKODA,96,OCTAVIA II Combi,1230,1.9 TDI,77,BKC
1805,17,038253019J,3,Turbina SKODA OCTAVIA II Combi 1.9 TDI 77 CP - Recondiţionată,SKODA,96,OCTAVIA II Combi,1232,1.9 TDI,77,BLS
1805,17,038253019J,3,Turbina SKODA OCTAVIA II Combi 1.9 TDI 77 CP - Recondiţionată,SKODA,96,OCTAVIA II Combi,1229,1.9 TDI,77,BXE
1806,17,038253019J,3,Turbina SKODA OCTAVIA II Combi 1.9 TDI 4x4 77 CP - Recondiţionată,SKODA,96,OCTAVIA II Combi,1234,1.9 TDI 4x4,77,BKC
1806,17,038253019J,3,Turbina SKODA OCTAVIA II Combi 1.9 TDI 4x4 77 CP - Recondiţionată,SKODA,96,OCTAVIA II Combi,1235,1.9 TDI 4x4,77,BLS
1806,17,038253019J,3,Turbina SKODA OCTAVIA II Combi 1.9 TDI 4x4 77 CP - Recondiţionată,SKODA,96,OCTAVIA II Combi,1233,1.9 TDI 4x4,77,BXE
1807,17,038253019J,3,Turbina SKODA SUPERB II 1.9 TDI 77 CP - Recondiţionată,SKODA,97,SUPERB II,1237,1.9 TDI,77,BLS
1807,17,038253019J,3,Turbina SKODA SUPERB II 1.9 TDI 77 CP - Recondiţionată,SKODA,97,SUPERB II,1236,1.9 TDI,77,BXE
1808,17,038253019J,3,Turbina SKODA SUPERB II Estate 1.9 TDI 77 CP - Recondiţionată,SKODA,98,SUPERB II Estate,1239,1.9 TDI,77,BLS
1808,17,038253019J,3,Turbina SKODA SUPERB II Estate 1.9 TDI 77 CP - Recondiţionată,SKODA,98,SUPERB II Estate,1238,1.9 TDI,77,BXE
1809,17,038253019J,4,Turbina VW CADDY III Box Body/MPV 1.9 TDI 77 CP - Recondiţionată,VW,104,CADDY III Box Body/MPV,1240,1.9 TDI,77,BJB
1809,17,038253019J,4,Turbina VW CADDY III Box Body/MPV 1.9 TDI 77 CP - Recondiţionată,VW,104,CADDY III Box Body/MPV,1241,1.9 TDI,77,BLS
1810,17,038253019J,4,Turbina VW CADDY III MPV 1.9 TDI 77 CP - Recondiţionată,VW,105,CADDY III MPV,1242,1.9 TDI,77,BJB
1810,17,038253019J,4,Turbina VW CADDY III MPV 1.9 TDI 77 CP - Recondiţionată,VW,105,CADDY III MPV,1243,1.9 TDI,77,BLS
1811,17,038253019J,4,Turbina VW GOLF PLUS V 1.9 TDI 66 CP - Recondiţionată,VW,110,GOLF PLUS V,1244,1.9 TDI,66,BRU
1811,17,038253019J,4,Turbina VW GOLF PLUS V 1.9 TDI 66 CP - Recondiţionată,VW,110,GOLF PLUS V,1245,1.9 TDI,66,BXF
1811,17,038253019J,4,Turbina VW GOLF PLUS V 1.9 TDI 66 CP - Recondiţionată,VW,110,GOLF PLUS V,1246,1.9 TDI,66,BXJ
1812,17,038253019J,4,Turbina VW GOLF PLUS V 1.9 TDI 77 CP - Recondiţionată,VW,110,GOLF PLUS V,1312,1.9 TDI,77,BKC
1812,17,038253019J,4,Turbina VW GOLF PLUS V 1.9 TDI 77 CP - Recondiţionată,VW,110,GOLF PLUS V,1311,1.9 TDI,77,BLS
1812,17,038253019J,4,Turbina VW GOLF PLUS V 1.9 TDI 77 CP - Recondiţionată,VW,110,GOLF PLUS V,1310,1.9 TDI,77,BXE
1813,17,038253019J,4,Turbina VW GOLF V 1.9 TDI 77 CP - Recondiţionată,VW,207,GOLF V,1249,1.9 TDI,77,BKC
1813,17,038253019J,4,Turbina VW GOLF V 1.9 TDI 77 CP - Recondiţionată,VW,207,GOLF V,1248,1.9 TDI,77,BLS
1813,17,038253019J,4,Turbina VW GOLF V 1.9 TDI 77 CP - Recondiţionată,VW,207,GOLF V,1247,1.9 TDI,77,BXE
1814,17,038253019J,4,Turbina VW GOLF V 1.9 TDI 4motion 77 CP - Recondiţionată,VW,207,GOLF V,1315,1.9 TDI 4motion,77,BKC
1814,17,038253019J,4,Turbina VW GOLF V 1.9 TDI 4motion 77 CP - Recondiţionată,VW,207,GOLF V,1314,1.9 TDI 4motion,77,BLS
1814,17,038253019J,4,Turbina VW GOLF V 1.9 TDI 4motion 77 CP - Recondiţionată,VW,207,GOLF V,1313,1.9 TDI 4motion,77,BXE
1815,17,038253019J,4,Turbina VW GOLF V 1.9 TDI 66 CP - Recondiţionată,VW,207,GOLF V,1250,1.9 TDI,66,BRU
1815,17,038253019J,4,Turbina VW GOLF V 1.9 TDI 66 CP - Recondiţionată,VW,207,GOLF V,1252,1.9 TDI,66,BXF
1815,17,038253019J,4,Turbina VW GOLF V 1.9 TDI 66 CP - Recondiţionată,VW,207,GOLF V,1251,1.9 TDI,66,BXJ
1816,17,038253019J,4,Turbina VW GOLF V Variant 1.9 TDI 77 CP - Recondiţionată,VW,208,GOLF V Variant,1254,1.9 TDI,77,BLS
1816,17,038253019J,4,Turbina VW GOLF V Variant 1.9 TDI 77 CP - Recondiţionată,VW,208,GOLF V Variant,1253,1.9 TDI,77,BXE
1817,17,038253019J,4,Turbina VW JETTA III 1.9 TDI 77 CP - Recondiţionată,VW,185,JETTA III,1318,1.9 TDI,77,BKC
1817,17,038253019J,4,Turbina VW JETTA III 1.9 TDI 77 CP - Recondiţionată,VW,185,JETTA III,1317,1.9 TDI,77,BLS
1817,17,038253019J,4,Turbina VW JETTA III 1.9 TDI 77 CP - Recondiţionată,VW,185,JETTA III,1316,1.9 TDI,77,BXE
1818,17,038253019J,4,Turbina VW PASSAT B6 1.9 TDI 77 CP - Recondiţionată,VW,186,PASSAT B6,1321,1.9 TDI,77,BKC
1818,17,038253019J,4,Turbina VW PASSAT B6 1.9 TDI 77 CP - Recondiţionată,VW,186,PASSAT B6,1320,1.9 TDI,77,BLS
1818,17,038253019J,4,Turbina VW PASSAT B6 1.9 TDI 77 CP - Recondiţionată,VW,186,PASSAT B6,1319,1.9 TDI,77,BXE
1819,17,038253019J,4,Turbina VW PASSAT B6 Variant 1.9 TDI 77 CP - Recondiţionată,VW,187,PASSAT B6 Variant,1257,1.9 TDI,77,BKC
1819,17,038253019J,4,Turbina VW PASSAT B6 Variant 1.9 TDI 77 CP - Recondiţionată,VW,187,PASSAT B6 Variant,1256,1.9 TDI,77,BLS
1819,17,038253019J,4,Turbina VW PASSAT B6 Variant 1.9 TDI 77 CP - Recondiţionată,VW,187,PASSAT B6 Variant,1255,1.9 TDI,77,BXE
1820,17,038253019J,4,Turbina VW TOURAN 1.9 TDI 74 CP - Recondiţionată,VW,37,TOURAN,1258,1.9 TDI,74,AVQ
1821,17,038253019J,4,Turbina VW TOURAN 1.9 TDI 66 CP - Recondiţionată,VW,37,TOURAN,1259,1.9 TDI,66,BRU
1821,17,038253019J,4,Turbina VW TOURAN 1.9 TDI 66 CP - Recondiţionată,VW,37,TOURAN,1261,1.9 TDI,66,BXF
1821,17,038253019J,4,Turbina VW TOURAN 1.9 TDI 66 CP - Recondiţionată,VW,37,TOURAN,1260,1.9 TDI,66,BXJ
1822,17,038253019J,4,Turbina VW TOURAN 1.9 TDI 77 CP - Recondiţionată,VW,37,TOURAN,1264,1.9 TDI,77,BKC
1822,17,038253019J,4,Turbina VW TOURAN 1.9 TDI 77 CP - Recondiţionată,VW,37,TOURAN,1263,1.9 TDI,77,BLS
1822,17,038253019J,4,Turbina VW TOURAN 1.9 TDI 77 CP - Recondiţionată,VW,37,TOURAN,1262,1.9 TDI,77,BXE
1823,17,038253019J,4,Turbina VW TOURAN Box Body/MPV 1.9 TDI 77 CP - Recondiţionată,VW,127,TOURAN Box Body/MPV,1268,1.9 TDI,77,BKC
1823,17,038253019J,4,Turbina VW TOURAN Box Body/MPV 1.9 TDI 77 CP - Recondiţionată,VW,127,TOURAN Box Body/MPV,1269,1.9 TDI,77,BXE
1824,18,070145701RV,4,Turbina VW CALIFORNIA T5 Camper 2.5 TDI 96 CP - Recondiţionată,VW,220,CALIFORNIA T5 Camper,1322,2.5 TDI,96,AXD
1824,18,070145701RV,4,Turbina VW CALIFORNIA T5 Camper 2.5 TDI 96 CP - Recondiţionată,VW,220,CALIFORNIA T5 Camper,1323,2.5 TDI,96,BNZ
1825,18,070145701RV,4,Turbina VW CALIFORNIA T5 Camper 2.5 TDI 4motion 96 CP - Recondiţionată,VW,220,CALIFORNIA T5 Camper,1324,2.5 TDI 4motion,96,AXD
1825,18,070145701RV,4,Turbina VW CALIFORNIA T5 Camper 2.5 TDI 4motion 96 CP - Recondiţionată,VW,220,CALIFORNIA T5 Camper,1325,2.5 TDI 4motion,96,BNZ
1826,18,070145701RV,4,Turbina VW MULTIVAN T5 2.5 TDI 96 CP - Recondiţionată,VW,221,MULTIVAN T5,1326,2.5 TDI,96,AXD
1826,18,070145701RV,4,Turbina VW MULTIVAN T5 2.5 TDI 96 CP - Recondiţionată,VW,221,MULTIVAN T5,1327,2.5 TDI,96,BNZ
1827,18,070145701RV,4,Turbina VW MULTIVAN T5 2.5 TDI 4motion 96 CP - Recondiţionată,VW,221,MULTIVAN T5,1328,2.5 TDI 4motion,96,AXD
1827,18,070145701RV,4,Turbina VW MULTIVAN T5 2.5 TDI 4motion 96 CP - Recondiţionată,VW,221,MULTIVAN T5,1329,2.5 TDI 4motion,96,BNZ
1828,18,070145701RV,4,Turbina VW TRANSPORTER T5 Bus 2.5 TDI 4motion 96 CP - Recondiţionată,VW,222,TRANSPORTER T5 Bus,1330,2.5 TDI 4motion,96,AXD
1828,18,070145701RV,4,Turbina VW TRANSPORTER T5 Bus 2.5 TDI 4motion 96 CP - Recondiţionată,VW,222,TRANSPORTER T5 Bus,1331,2.5 TDI 4motion,96,BNZ
1829,18,070145701RV,4,Turbina VW TRANSPORTER T5 Bus 2.5 TDI 96 CP - Recondiţionată,VW,222,TRANSPORTER T5 Bus,1332,2.5 TDI,96,AXD
1829,18,070145701RV,4,Turbina VW TRANSPORTER T5 Bus 2.5 TDI 96 CP - Recondiţionată,VW,222,TRANSPORTER T5 Bus,1333,2.5 TDI,96,BNZ
1830,18,070145701RV,4,"Turbina VW TRANSPORTER T5 Platform/Chassis (7JD, 7JE, 7JL, 7JY, 7JZ, 7F 2.5 TDI 4motion 96 CP - Recondiţionată",VW,223,"TRANSPORTER T5 Platform/Chassis (7JD, 7JE, 7JL, 7JY, 7JZ, 7F",1334,2.5 TDI 4motion,96,AXD
1830,18,070145701RV,4,"Turbina VW TRANSPORTER T5 Platform/Chassis (7JD, 7JE, 7JL, 7JY, 7JZ, 7F 2.5 TDI 4motion 96 CP - Recondiţionată",VW,223,"TRANSPORTER T5 Platform/Chassis (7JD, 7JE, 7JL, 7JY, 7JZ, 7F",1335,2.5 TDI 4motion,96,BNZ
1831,18,070145701RV,4,"Turbina VW TRANSPORTER T5 Platform/Chassis (7JD, 7JE, 7JL, 7JY, 7JZ, 7F 2.5 TDI 96 CP - Recondiţionată",VW,223,"TRANSPORTER T5 Platform/Chassis (7JD, 7JE, 7JL, 7JY, 7JZ, 7F",1336,2.5 TDI,96,AXD
1831,18,070145701RV,4,"Turbina VW TRANSPORTER T5 Platform/Chassis (7JD, 7JE, 7JL, 7JY, 7JZ, 7F 2.5 TDI 96 CP - Recondiţionată",VW,223,"TRANSPORTER T5 Platform/Chassis (7JD, 7JE, 7JL, 7JY, 7JZ, 7F",1337,2.5 TDI,96,BNZ
1832,18,070145701RV,4,Turbina VW TRANSPORTER T5 Van 2.5 TDI 4motion 96 CP - Recondiţionată,VW,224,TRANSPORTER T5 Van,1338,2.5 TDI 4motion,96,AXD
1832,18,070145701RV,4,Turbina VW TRANSPORTER T5 Van 2.5 TDI 4motion 96 CP - Recondiţionată,VW,224,TRANSPORTER T5 Van,1339,2.5 TDI 4motion,96,BNZ
1833,18,070145701RV,4,Turbina VW TRANSPORTER T5 Van 2.5 TDI 96 CP - Recondiţionată,VW,224,TRANSPORTER T5 Van,1340,2.5 TDI,96,AXD
1833,18,070145701RV,4,Turbina VW TRANSPORTER T5 Van 2.5 TDI 96 CP - Recondiţionată,VW,224,TRANSPORTER T5 Van,1341,2.5 TDI,96,BNZ
1834,19,BV43B-0133,1,Turbina AUDI A4 Allroad B8 2.0 TDI quattro 100 CP - Recondiţionată,Audi,191,A4 Allroad B8,1342,2.0 TDI quattro,100,CAGB
1834,19,BV43B-0133,1,Turbina AUDI A4 Allroad B8 2.0 TDI quattro 100 CP - Recondiţionată,Audi,191,A4 Allroad B8,1343,2.0 TDI quattro,100,CJCB
1834,19,BV43B-0133,1,Turbina AUDI A4 Allroad B8 2.0 TDI quattro 100 CP - Recondiţionată,Audi,191,A4 Allroad B8,1344,2.0 TDI quattro,100,CSUB
1835,19,BV43B-0133,1,Turbina AUDI A4 Allroad B8 2.0 TDI quattro 125 CP - Recondiţionată,Audi,191,A4 Allroad B8,1345,2.0 TDI quattro,125,CAHA
1836,19,BV43B-0133,1,Turbina AUDI A4 Allroad B8 2.0 TDI quattro 120 CP - Recondiţionată,Audi,191,A4 Allroad B8,1346,2.0 TDI quattro,120,CAHB
1836,19,BV43B-0133,1,Turbina AUDI A4 Allroad B8 2.0 TDI quattro 120 CP - Recondiţionată,Audi,191,A4 Allroad B8,1347,2.0 TDI quattro,120,CGLD
1836,19,BV43B-0133,1,Turbina AUDI A4 Allroad B8 2.0 TDI quattro 120 CP - Recondiţionată,Audi,191,A4 Allroad B8,1348,2.0 TDI quattro,120,CNHC
1837,19,BV43B-0133,1,Turbina AUDI A4 Allroad B8 2.0 TDI quattro 105 CP - Recondiţionată,Audi,191,A4 Allroad B8,1350,2.0 TDI quattro,105,CAGA
1837,19,BV43B-0133,1,Turbina AUDI A4 Allroad B8 2.0 TDI quattro 105 CP - Recondiţionată,Audi,191,A4 Allroad B8,1349,2.0 TDI quattro,105,CJCA
1838,19,BV43B-0133,1,Turbina AUDI A4 B8 2.0 TDI 88 CP - Recondiţionată,Audi,192,A4 B8,1352,2.0 TDI,88,CAGC
1838,19,BV43B-0133,1,Turbina AUDI A4 B8 2.0 TDI 88 CP - Recondiţionată,Audi,192,A4 B8,1351,2.0 TDI,88,CJCC
1839,19,BV43B-0133,1,Turbina AUDI A4 B8 2.0 TDI 125 CP - Recondiţionată,Audi,192,A4 B8,1353,2.0 TDI,125,CAHA
1840,19,BV43B-0133,1,Turbina AUDI A4 B8 2.0 TDI 100 CP - Recondiţionată,Audi,192,A4 B8,1354,2.0 TDI,100,CAGB
1840,19,BV43B-0133,1,Turbina AUDI A4 B8 2.0 TDI 100 CP - Recondiţionată,Audi,192,A4 B8,1355,2.0 TDI,100,CJCB
1840,19,BV43B-0133,1,Turbina AUDI A4 B8 2.0 TDI 100 CP - Recondiţionată,Audi,192,A4 B8,1356,2.0 TDI,100,CSUB
1841,19,BV43B-0133,1,Turbina AUDI A4 B8 2.0 TDI quattro 105 CP - Recondiţionată,Audi,192,A4 B8,1358,2.0 TDI quattro,105,CAGA
1841,19,BV43B-0133,1,Turbina AUDI A4 B8 2.0 TDI quattro 105 CP - Recondiţionată,Audi,192,A4 B8,1357,2.0 TDI quattro,105,CJCA
1842,19,BV43B-0133,1,Turbina AUDI A4 B8 2.0 TDI quattro 125 CP - Recondiţionată,Audi,192,A4 B8,1359,2.0 TDI quattro,125,CAHA
1843,19,BV43B-0133,1,Turbina AUDI A4 B8 2.0 TDI 105 CP - Recondiţionată,Audi,192,A4 B8,1361,2.0 TDI,105,CAGA
1843,19,BV43B-0133,1,Turbina AUDI A4 B8 2.0 TDI 105 CP - Recondiţionată,Audi,192,A4 B8,1360,2.0 TDI,105,CJCA
1843,19,BV43B-0133,1,Turbina AUDI A4 B8 2.0 TDI 105 CP - Recondiţionată,Audi,192,A4 B8,1363,2.0 TDI,105,CMEA
1843,19,BV43B-0133,1,Turbina AUDI A4 B8 2.0 TDI 105 CP - Recondiţionată,Audi,192,A4 B8,1362,2.0 TDI,105,CMFA
1844,19,BV43B-0133,1,Turbina AUDI A4 B8 2.0 TDI 120 CP - Recondiţionată,Audi,192,A4 B8,1364,2.0 TDI,120,CAHB
1844,19,BV43B-0133,1,Turbina AUDI A4 B8 2.0 TDI 120 CP - Recondiţionată,Audi,192,A4 B8,1365,2.0 TDI,120,CGLD
1844,19,BV43B-0133,1,Turbina AUDI A4 B8 2.0 TDI 120 CP - Recondiţionată,Audi,192,A4 B8,1366,2.0 TDI,120,CNHC
1845,19,BV43B-0133,1,Turbina AUDI A4 B8 Avant 2.0 TDI quattro 125 CP - Recondiţionată,Audi,193,A4 B8 Avant,1367,2.0 TDI quattro,125,CAHA
1846,19,BV43B-0133,1,Turbina AUDI A4 B8 Avant 2.0 TDI 105 CP - Recondiţionată,Audi,193,A4 B8 Avant,1369,2.0 TDI,105,CAGA
1846,19,BV43B-0133,1,Turbina AUDI A4 B8 Avant 2.0 TDI 105 CP - Recondiţionată,Audi,193,A4 B8 Avant,1368,2.0 TDI,105,CJCA
1846,19,BV43B-0133,1,Turbina AUDI A4 B8 Avant 2.0 TDI 105 CP - Recondiţionată,Audi,193,A4 B8 Avant,1371,2.0 TDI,105,CMEA
1846,19,BV43B-0133,1,Turbina AUDI A4 B8 Avant 2.0 TDI 105 CP - Recondiţionată,Audi,193,A4 B8 Avant,1370,2.0 TDI,105,CMFA
1847,19,BV43B-0133,1,Turbina AUDI A4 B8 Avant 2.0 TDI 100 CP - Recondiţionată,Audi,193,A4 B8 Avant,1372,2.0 TDI,100,CAGB
1847,19,BV43B-0133,1,Turbina AUDI A4 B8 Avant 2.0 TDI 100 CP - Recondiţionată,Audi,193,A4 B8 Avant,1373,2.0 TDI,100,CJCB
1847,19,BV43B-0133,1,Turbina AUDI A4 B8 Avant 2.0 TDI 100 CP - Recondiţionată,Audi,193,A4 B8 Avant,1374,2.0 TDI,100,CSUB
1848,19,BV43B-0133,1,Turbina AUDI A4 B8 Avant 2.0 TDI 120 CP - Recondiţionată,Audi,193,A4 B8 Avant,1375,2.0 TDI,120,CAHB
1848,19,BV43B-0133,1,Turbina AUDI A4 B8 Avant 2.0 TDI 120 CP - Recondiţionată,Audi,193,A4 B8 Avant,1376,2.0 TDI,120,CGLD
1848,19,BV43B-0133,1,Turbina AUDI A4 B8 Avant 2.0 TDI 120 CP - Recondiţionată,Audi,193,A4 B8 Avant,1377,2.0 TDI,120,CNHC
1849,19,BV43B-0133,1,Turbina AUDI A4 B8 Avant 2.0 TDI quattro 105 CP - Recondiţionată,Audi,193,A4 B8 Avant,1379,2.0 TDI quattro,105,CAGA
1849,19,BV43B-0133,1,Turbina AUDI A4 B8 Avant 2.0 TDI quattro 105 CP - Recondiţionată,Audi,193,A4 B8 Avant,1378,2.0 TDI quattro,105,CJCA
1850,19,BV43B-0133,1,Turbina AUDI A4 B8 Avant 2.0 TDI 125 CP - Recondiţionată,Audi,193,A4 B8 Avant,1380,2.0 TDI,125,CAHA
1851,19,BV43B-0133,1,Turbina AUDI A4 B8 Avant 2.0 TDI 88 CP - Recondiţionată,Audi,193,A4 B8 Avant,1382,2.0 TDI,88,CAGC
1851,19,BV43B-0133,1,Turbina AUDI A4 B8 Avant 2.0 TDI 88 CP - Recondiţionată,Audi,193,A4 B8 Avant,1381,2.0 TDI,88,CJCC
1852,19,BV43B-0133,1,Turbina AUDI A5 2.0 TDI 125 CP - Recondiţionată,Audi,195,A5,1383,2.0 TDI,125,CAHA
1853,19,BV43B-0133,1,Turbina AUDI A5 2.0 TDI quattro 125 CP - Recondiţionată,Audi,195,A5,1384,2.0 TDI quattro,125,CAHA
1854,19,BV43B-0133,1,Turbina AUDI A5 2.0 TDI 120 CP - Recondiţionată,Audi,195,A5,1385,2.0 TDI,120,CAHB
1854,19,BV43B-0133,1,Turbina AUDI A5 2.0 TDI 120 CP - Recondiţionată,Audi,195,A5,1386,2.0 TDI,120,CGLD
1854,19,BV43B-0133,1,Turbina AUDI A5 2.0 TDI 120 CP - Recondiţionată,Audi,195,A5,1387,2.0 TDI,120,CNHC
1855,19,BV43B-0133,1,Turbina AUDI A5 Cabrio 2.0 TDI 125 CP - Recondiţionată,Audi,196,A5 Cabrio,1388,2.0 TDI,125,CAHA
1856,19,BV43B-0133,1,Turbina AUDI A5 Cabrio 2.0 TDI 120 CP - Recondiţionată,Audi,196,A5 Cabrio,1389,2.0 TDI,120,CAHB
1856,19,BV43B-0133,1,Turbina AUDI A5 Cabrio 2.0 TDI 120 CP - Recondiţionată,Audi,196,A5 Cabrio,1390,2.0 TDI,120,CGLD
1857,19,BV43B-0133,1,Turbina AUDI A5 Cabrio 2.0 TDI 105 CP - Recondiţionată,Audi,196,A5 Cabrio,1391,2.0 TDI,105,CJCA
1858,19,BV43B-0133,1,Turbina AUDI A5 Sportback 2.0 TDI 100 CP - Recondiţionată,Audi,197,A5 Sportback,1392,2.0 TDI,100,CAGB
1858,19,BV43B-0133,1,Turbina AUDI A5 Sportback 2.0 TDI 100 CP - Recondiţionată,Audi,197,A5 Sportback,1393,2.0 TDI,100,CJCB
1858,19,BV43B-0133,1,Turbina AUDI A5 Sportback 2.0 TDI 100 CP - Recondiţionată,Audi,197,A5 Sportback,1394,2.0 TDI,100,CSUB
1859,19,BV43B-0133,1,Turbina AUDI A5 Sportback 2.0 TDI quattro 125 CP - Recondiţionată,Audi,197,A5 Sportback,1395,2.0 TDI quattro,125,CAHA
1860,19,BV43B-0133,1,Turbina AUDI A5 Sportback 2.0 TDI 105 CP - Recondiţionată,Audi,197,A5 Sportback,1397,2.0 TDI,105,CAGA
1860,19,BV43B-0133,1,Turbina AUDI A5 Sportback 2.0 TDI 105 CP - Recondiţionată,Audi,197,A5 Sportback,1396,2.0 TDI,105,CJCA
1860,19,BV43B-0133,1,Turbina AUDI A5 Sportback 2.0 TDI 105 CP - Recondiţionată,Audi,197,A5 Sportback,1399,2.0 TDI,105,CMEA
1860,19,BV43B-0133,1,Turbina AUDI A5 Sportback 2.0 TDI 105 CP - Recondiţionată,Audi,197,A5 Sportback,1398,2.0 TDI,105,CMFA
1861,19,BV43B-0133,1,Turbina AUDI A5 Sportback 2.0 TDI 120 CP - Recondiţionată,Audi,197,A5 Sportback,1400,2.0 TDI,120,CAHB
1861,19,BV43B-0133,1,Turbina AUDI A5 Sportback 2.0 TDI 120 CP - Recondiţionată,Audi,197,A5 Sportback,1401,2.0 TDI,120,CGLD
1861,19,BV43B-0133,1,Turbina AUDI A5 Sportback 2.0 TDI 120 CP - Recondiţionată,Audi,197,A5 Sportback,1402,2.0 TDI,120,CNHC
1862,19,BV43B-0133,1,Turbina AUDI A5 Sportback 2.0 TDI 125 CP - Recondiţionată,Audi,197,A5 Sportback,1403,2.0 TDI,125,CAHA
1863,19,BV43B-0133,1,Turbina AUDI A6 C6 2.0 TDI 120 CP - Recondiţionată,Audi,225,A6 C6,1404,2.0 TDI,120,CAHB
1864,19,BV43B-0133,1,Turbina AUDI A6 C6 2.0 TDI 125 CP - Recondiţionată,Audi,225,A6 C6,1405,2.0 TDI,125,CAHA
1865,19,BV43B-0133,1,Turbina AUDI A6 C6 2.0 TDI 100 CP - Recondiţionată,Audi,225,A6 C6,1406,2.0 TDI,100,BNA
1865,19,BV43B-0133,1,Turbina AUDI A6 C6 2.0 TDI 100 CP - Recondiţionată,Audi,225,A6 C6,1408,2.0 TDI,100,BRF
1865,19,BV43B-0133,1,Turbina AUDI A6 C6 2.0 TDI 100 CP - Recondiţionată,Audi,225,A6 C6,1407,2.0 TDI,100,CAGB
1866,19,BV43B-0133,1,Turbina AUDI A6 C6 Avant 2.0 TDI 120 CP - Recondiţionată,Audi,226,A6 C6 Avant,1409,2.0 TDI,120,CAHB
1867,19,BV43B-0133,1,Turbina AUDI A6 C6 Avant 2.0 TDI 100 CP - Recondiţionată,Audi,226,A6 C6 Avant,1410,2.0 TDI,100,BNA
1867,19,BV43B-0133,1,Turbina AUDI A6 C6 Avant 2.0 TDI 100 CP - Recondiţionată,Audi,226,A6 C6 Avant,1412,2.0 TDI,100,BRF
1867,19,BV43B-0133,1,Turbina AUDI A6 C6 Avant 2.0 TDI 100 CP - Recondiţionată,Audi,226,A6 C6 Avant,1411,2.0 TDI,100,CAGB
1868,19,BV43B-0133,1,Turbina AUDI A6 C6 Avant 2.0 TDI 125 CP - Recondiţionată,Audi,226,A6 C6 Avant,1413,2.0 TDI,125,CAHA
1869,19,BV43B-0133,1,Turbina AUDI Q5 2.0 TDI 100 CP - Recondiţionată,Audi,200,Q5,1414,2.0 TDI,100,CJCB
1869,19,BV43B-0133,1,Turbina AUDI Q5 2.0 TDI 100 CP - Recondiţionată,Audi,200,Q5,1415,2.0 TDI,100,CSUB
1870,19,BV43B-0133,1,Turbina AUDI Q5 2.0 TDI quattro 125 CP - Recondiţionată,Audi,200,Q5,1418,2.0 TDI quattro,125,CAHA
1870,19,BV43B-0133,1,Turbina AUDI Q5 2.0 TDI quattro 125 CP - Recondiţionată,Audi,200,Q5,1416,2.0 TDI quattro,125,CGLB
1870,19,BV43B-0133,1,Turbina AUDI Q5 2.0 TDI quattro 125 CP - Recondiţionată,Audi,200,Q5,1417,2.0 TDI quattro,125,CMGA
1871,19,BV43B-0133,1,Turbina AUDI Q5 2.0 TDI quattro 100 CP - Recondiţionată,Audi,200,Q5,1419,2.0 TDI quattro,100,CAGB
1871,19,BV43B-0133,1,Turbina AUDI Q5 2.0 TDI quattro 100 CP - Recondiţionată,Audi,200,Q5,1420,2.0 TDI quattro,100,CJCB
1871,19,BV43B-0133,1,Turbina AUDI Q5 2.0 TDI quattro 100 CP - Recondiţionată,Audi,200,Q5,1421,2.0 TDI quattro,100,CSUB
1872,19,BV43B-0133,1,Turbina AUDI Q5 2.0 TDI 105 CP - Recondiţionată,Audi,200,Q5,1422,2.0 TDI,105,CJCA
1873,19,BV43B-0133,1,Turbina AUDI Q5 2.0 TDI quattro 105 CP - Recondiţionată,Audi,200,Q5,1424,2.0 TDI quattro,105,CAGA
1873,19,BV43B-0133,1,Turbina AUDI Q5 2.0 TDI quattro 105 CP - Recondiţionată,Audi,200,Q5,1423,2.0 TDI quattro,105,CJCA
1874,19,BV43B-0133,1,Turbina AUDI Q5 2.0 TDI quattro 120 CP - Recondiţionată,Audi,200,Q5,1425,2.0 TDI quattro,120,CAHB
1874,19,BV43B-0133,1,Turbina AUDI Q5 2.0 TDI quattro 120 CP - Recondiţionată,Audi,200,Q5,1426,2.0 TDI quattro,120,CGLA
1874,19,BV43B-0133,1,Turbina AUDI Q5 2.0 TDI quattro 120 CP - Recondiţionată,Audi,200,Q5,1427,2.0 TDI quattro,120,CGLD
1874,19,BV43B-0133,1,Turbina AUDI Q5 2.0 TDI quattro 120 CP - Recondiţionată,Audi,200,Q5,1428,2.0 TDI quattro,120,CNHC
1875,19,BV43B-0133,1,Turbina AUDI Q5 Van 2.0 TDI quattro 125 CP - Recondiţionată,Audi,227,Q5 Van,1429,2.0 TDI quattro,125,CAHA
1875,19,BV43B-0133,1,Turbina AUDI Q5 Van 2.0 TDI quattro 125 CP - Recondiţionată,Audi,227,Q5 Van,1430,2.0 TDI quattro,125,CGLB
1876,19,BV43B-0133,2,Turbina SEAT EXEO 2.0 TDI 125 CP - Recondiţionată,SEAT,228,EXEO,1431,2.0 TDI,125,CAHA
1876,19,BV43B-0133,2,Turbina SEAT EXEO 2.0 TDI 125 CP - Recondiţionată,SEAT,228,EXEO,1432,2.0 TDI,125,CGLB
1877,19,BV43B-0133,2,Turbina SEAT EXEO ST 2.0 TDI 125 CP - Recondiţionată,SEAT,229,EXEO ST,1433,2.0 TDI,125,CAHA
1877,19,BV43B-0133,2,Turbina SEAT EXEO ST 2.0 TDI 125 CP - Recondiţionată,SEAT,229,EXEO ST,1434,2.0 TDI,125,CGLB
1878,13,11652287498,5,Turbina BMW Seria 1 116 i 90 CP - Recondiţionată,BMW,201,Seria 1,1435,116 i,90,N43 B20 A
1879,13,11652287498,5,Turbina BMW Seria 1 120 i 125 CP - Recondiţionată,BMW,201,Seria 1,1436,120 i,125,N43 B20 A
1880,13,11652287498,5,Turbina BMW Seria 1 120 i 120 CP - Recondiţionată,BMW,201,Seria 1,1437,120 i,120,N43 B20 A
1881,13,11652287498,5,Turbina BMW Seria 1 118 i 105 CP - Recondiţionată,BMW,201,Seria 1,1438,118 i,105,N43 B20 A
1882,13,11652287498,5,Turbina BMW Seria 1 120 d 130 CP - Recondiţionată,BMW,201,Seria 1,1126,120 d,130,N47 D20 A
1882,13,11652287498,5,Turbina BMW Seria 1 120 d 130 CP - Recondiţionată,BMW,201,Seria 1,1127,120 d,130,N47 D20 C
1883,13,11652287498,5,Turbina BMW Seria 1 120 d 120 CP - Recondiţionată,BMW,201,Seria 1,1128,120 d,120,N47 D20 A
1883,13,11652287498,5,Turbina BMW Seria 1 120 d 120 CP - Recondiţionată,BMW,201,Seria 1,1129,120 d,120,N47 D20 C
1884,13,11652287498,5,Turbina BMW Seria 1 120 i 125 CP - Recondiţionată,BMW,201,Seria 1,1436,120 i,125,N43 B20 A
1885,13,11652287498,5,Turbina BMW Seria 1 118 i 105 CP - Recondiţionată,BMW,201,Seria 1,1438,118 i,105,N43 B20 A
1886,13,11652287498,5,Turbina BMW Seria 1 116 i 90 CP - Recondiţionată,BMW,201,Seria 1,1435,116 i,90,N43 B20 A
1887,13,11652287498,5,Turbina BMW Seria 1 Cabrio 120 d 130 CP - Recondiţionată,BMW,202,Seria 1 Cabrio,1131,120 d,130,N47 D20 A
1887,13,11652287498,5,Turbina BMW Seria 1 Cabrio 120 d 130 CP - Recondiţionată,BMW,202,Seria 1 Cabrio,1132,120 d,130,N47 D20 C
1888,13,11652287498,5,Turbina BMW Seria 1 Cabrio 118 i 105 CP - Recondiţionată,BMW,202,Seria 1 Cabrio,1439,118 i,105,N43 B20 A
1889,13,11652287498,5,Turbina BMW Seria 1 Cabrio 120 d 120 CP - Recondiţionată,BMW,202,Seria 1 Cabrio,1133,120 d,120,N47 D20 A
1889,13,11652287498,5,Turbina BMW Seria 1 Cabrio 120 d 120 CP - Recondiţionată,BMW,202,Seria 1 Cabrio,1134,120 d,120,N47 D20 C
1890,13,11652287498,5,Turbina BMW Seria 1 Cabrio 120 i 120 CP - Recondiţionată,BMW,202,Seria 1 Cabrio,1440,120 i,120,N43 B20 A
1891,13,11652287498,5,Turbina BMW Seria 1 Cabrio 120 d 145 CP - Recondiţionată,BMW,202,Seria 1 Cabrio,1135,120 d,145,N47 D20 C
1892,13,11652287498,5,Turbina BMW Seria 1 Cabrio 120 i 125 CP - Recondiţionată,BMW,202,Seria 1 Cabrio,1441,120 i,125,N43 B20 A
1893,13,11652287498,5,Turbina BMW Seria 1 Coupe 120 d 145 CP - Recondiţionată,BMW,203,Seria 1 Coupe,1136,120 d,145,N47 D20 A
1893,13,11652287498,5,Turbina BMW Seria 1 Coupe 120 d 145 CP - Recondiţionată,BMW,203,Seria 1 Coupe,1137,120 d,145,N47 D20 C
1894,13,11652287498,5,Turbina BMW Seria 1 Coupe 120 d 130 CP - Recondiţionată,BMW,203,Seria 1 Coupe,1138,120 d,130,N47 D20 A
1894,13,11652287498,5,Turbina BMW Seria 1 Coupe 120 d 130 CP - Recondiţionată,BMW,203,Seria 1 Coupe,1139,120 d,130,N47 D20 C
1895,13,11652287498,5,Turbina BMW Seria 1 Coupe 120 i 125 CP - Recondiţionată,BMW,203,Seria 1 Coupe,1442,120 i,125,N43 B20 A
1896,13,11652287498,5,Turbina BMW Seria 1 Coupe 120 d 120 CP - Recondiţionată,BMW,203,Seria 1 Coupe,1140,120 d,120,N47 D20 A
1896,13,11652287498,5,Turbina BMW Seria 1 Coupe 120 d 120 CP - Recondiţionată,BMW,203,Seria 1 Coupe,1141,120 d,120,N47 D20 C
1897,13,11652287498,5,Turbina BMW Seria 3 320 d 120 CP - Recondiţionată,BMW,38,Seria 3,1142,320 d,120,M47 D20
1897,13,11652287498,5,Turbina BMW Seria 3 320 d 120 CP - Recondiţionată,BMW,38,Seria 3,1144,320 d,120,N47 D20 A
1897,13,11652287498,5,Turbina BMW Seria 3 320 d 120 CP - Recondiţionată,BMW,38,Seria 3,1143,320 d,120,N47 D20 C
1898,13,11652287498,5,Turbina BMW Seria 3 320 i 125 CP - Recondiţionată,BMW,38,Seria 3,1443,320 i,125,N43 B20 A
1899,13,11652287498,5,Turbina BMW Seria 3 320 d 130 CP - Recondiţionată,BMW,38,Seria 3,1145,320 d,130,N47 D20 A
1899,13,11652287498,5,Turbina BMW Seria 3 320 d 130 CP - Recondiţionată,BMW,38,Seria 3,1146,320 d,130,N47 D20 C
1900,13,11652287498,5,Turbina BMW Seria 3 320 d xDrive 130 CP - Recondiţionată,BMW,38,Seria 3,1147,320 d xDrive,130,N47 D20 A
1900,13,11652287498,5,Turbina BMW Seria 3 320 d xDrive 130 CP - Recondiţionată,BMW,38,Seria 3,1148,320 d xDrive,130,N47 D20 C
1901,13,11652287498,5,Turbina BMW Seria 3 318 i 105 CP - Recondiţionată,BMW,38,Seria 3,1444,318 i,105,N43 B20 A
1902,13,11652287498,5,Turbina BMW Seria 3 320 i 120 CP - Recondiţionată,BMW,38,Seria 3,1445,320 i,120,N43 B20 A
1903,13,11652287498,5,Turbina BMW Seria Seria 3 Cabrio 320 i 120 CP - Recondiţionată,BMW,230,Seria Seria 3 Cabrio,1446,320 i,120,N43 B20 A
1904,13,11652287498,5,Turbina BMW Seria Seria 3 Cabrio 320 i 125 CP - Recondiţionată,BMW,230,Seria Seria 3 Cabrio,1447,320 i,125,N43 B20 A
1905,13,11652287498,5,Turbina BMW Seria Seria 3 Cabrio 320 d 130 CP - Recondiţionată,BMW,230,Seria Seria 3 Cabrio,1448,320 d,130,N47 D20 A
1905,13,11652287498,5,Turbina BMW Seria Seria 3 Cabrio 320 d 130 CP - Recondiţionată,BMW,230,Seria Seria 3 Cabrio,1449,320 d,130,N47 D20 C
1906,13,11652287498,5,Turbina BMW Seria Seria 3 Cabrio 318 i 105 CP - Recondiţionată,BMW,230,Seria Seria 3 Cabrio,1450,318 i,105,N43 B20 A
1907,13,11652287498,5,Turbina BMW Seria Seria 3 Cabrio 320 d 145 CP - Recondiţionată,BMW,230,Seria Seria 3 Cabrio,1451,320 d,145,N47 D20 A
1907,13,11652287498,5,Turbina BMW Seria Seria 3 Cabrio 320 d 145 CP - Recondiţionată,BMW,230,Seria Seria 3 Cabrio,1452,320 d,145,N47 D20 C
1908,13,11652287498,5,Turbina BMW Seria Seria 3 Cabrio 320 d 147 CP - Recondiţionată,BMW,230,Seria Seria 3 Cabrio,1453,320 d,147,N47 D20 C
1909,13,11652287498,5,Turbina BMW Seria Seria 3 Coupe 320 d 145 CP - Recondiţionată,BMW,231,Seria Seria 3 Coupe,1454,320 d,145,N47 D20 A
1909,13,11652287498,5,Turbina BMW Seria Seria 3 Coupe 320 d 145 CP - Recondiţionată,BMW,231,Seria Seria 3 Coupe,1455,320 d,145,N47 D20 C
1910,13,11652287498,5,Turbina BMW Seria Seria 3 Coupe 320 d 130 CP - Recondiţionată,BMW,231,Seria Seria 3 Coupe,1456,320 d,130,N47 D20 A
1910,13,11652287498,5,Turbina BMW Seria Seria 3 Coupe 320 d 130 CP - Recondiţionată,BMW,231,Seria Seria 3 Coupe,1457,320 d,130,N47 D20 C
1911,13,11652287498,5,Turbina BMW Seria Seria 3 Coupe 320 d 147 CP - Recondiţionată,BMW,231,Seria Seria 3 Coupe,1458,320 d,147,N47 D20 C
1912,13,11652287498,5,Turbina BMW Seria Seria 3 Coupe 320 d xDrive 120 CP - Recondiţionată,BMW,231,Seria Seria 3 Coupe,1459,320 d xDrive,120,N47 D20 C
1913,13,11652287498,5,Turbina BMW Seria Seria 3 Coupe 320 d xDrive 145 CP - Recondiţionată,BMW,231,Seria Seria 3 Coupe,1460,320 d xDrive,145,N47 D20 C
1914,13,11652287498,5,Turbina BMW Seria Seria 3 Coupe 320 i 120 CP - Recondiţionată,BMW,231,Seria Seria 3 Coupe,1461,320 i,120,N43 B20 A
1915,13,11652287498,5,Turbina BMW Seria Seria 3 Coupe 320 i 125 CP - Recondiţionată,BMW,231,Seria Seria 3 Coupe,1462,320 i,125,N43 B20 A
1916,13,11652287498,5,Turbina BMW Seria Seria 3 Coupe 318 i 105 CP - Recondiţionată,BMW,231,Seria Seria 3 Coupe,1463,318 i,105,N43 B20 A
1917,13,11652287498,5,Turbina BMW Seria Seria 3 Coupe 320 d xDrive 147 CP - Recondiţionată,BMW,231,Seria Seria 3 Coupe,1464,320 d xDrive,147,N47 D20 C
1918,13,11652287498,5,Turbina BMW Seria Seria 3 Coupe 320 d xDrive 130 CP - Recondiţionată,BMW,231,Seria Seria 3 Coupe,1465,320 d xDrive,130,N47 D20 C
1919,13,11652287498,5,Turbina BMW Seria Seria 3 Break 320 d 147 CP - Recondiţionată,BMW,232,Seria Seria 3 Break,1466,320 d,147,N47 D20 C
1920,13,11652287498,5,Turbina BMW Seria Seria 3 Break 320 i 120 CP - Recondiţionată,BMW,232,Seria Seria 3 Break,1467,320 i,120,N43 B20 A
1921,13,11652287498,5,Turbina BMW Seria Seria 3 Break 320 d xDrive 145 CP - Recondiţionată,BMW,232,Seria Seria 3 Break,1468,320 d xDrive,145,N47 D20 C
1922,13,11652287498,5,Turbina BMW Seria Seria 3 Break 320 d 120 CP - Recondiţionată,BMW,232,Seria Seria 3 Break,1470,320 d,120,M47 D20
1922,13,11652287498,5,Turbina BMW Seria Seria 3 Break 320 d 120 CP - Recondiţionată,BMW,232,Seria Seria 3 Break,1471,320 d,120,N47 D20 A
1922,13,11652287498,5,Turbina BMW Seria Seria 3 Break 320 d 120 CP - Recondiţionată,BMW,232,Seria Seria 3 Break,1469,320 d,120,N47 D20 C
1923,13,11652287498,5,Turbina BMW Seria Seria 3 Break 320 d xDrive 120 CP - Recondiţionată,BMW,232,Seria Seria 3 Break,1472,320 d xDrive,120,N47 D20 C
1924,13,11652287498,5,Turbina BMW Seria Seria 3 Break 320 d 130 CP - Recondiţionată,BMW,232,Seria Seria 3 Break,1473,320 d,130,N47 D20 A
1924,13,11652287498,5,Turbina BMW Seria Seria 3 Break 320 d 130 CP - Recondiţionată,BMW,232,Seria Seria 3 Break,1474,320 d,130,N47 D20 C
1925,13,11652287498,5,Turbina BMW Seria Seria 3 Break 320 d xDrive 130 CP - Recondiţionată,BMW,232,Seria Seria 3 Break,1475,320 d xDrive,130,N47 D20 C
1926,13,11652287498,5,Turbina BMW Seria Seria 3 Break 320 d xDrive 147 CP - Recondiţionată,BMW,232,Seria Seria 3 Break,1476,320 d xDrive,147,N47 D20 C
1927,13,11652287498,5,Turbina BMW Seria Seria 3 Break 320 i 125 CP - Recondiţionată,BMW,232,Seria Seria 3 Break,1477,320 i,125,N43 B20 A
1928,13,11652287498,5,Turbina BMW Seria Seria 3 Break 318 i 105 CP - Recondiţionată,BMW,232,Seria Seria 3 Break,1478,318 i,105,N43 B20 A
1929,13,11652287498,5,Turbina BMW Seria Seria 3 Break 320 d 145 CP - Recondiţionată,BMW,232,Seria Seria 3 Break,1479,320 d,145,N47 D20 A
1929,13,11652287498,5,Turbina BMW Seria Seria 3 Break 320 d 145 CP - Recondiţionată,BMW,232,Seria Seria 3 Break,1480,320 d,145,N47 D20 C
1930,13,11652287498,5,Turbina BMW Seria 5 520 i 125 CP - Recondiţionată,BMW,204,Seria 5,1481,520 i,125,N43 B20 A
1931,13,11652287498,5,Turbina BMW Seria 5 520 i 120 CP - Recondiţionată,BMW,204,Seria 5,1482,520 i,120,N43 B20 A
1932,13,11652287498,5,Turbina BMW Seria 5 520 d 130 CP - Recondiţionată,BMW,204,Seria 5,1174,520 d,130,N47 D20 A
1932,13,11652287498,5,Turbina BMW Seria 5 520 d 130 CP - Recondiţionată,BMW,204,Seria 5,1175,520 d,130,N47 D20 C
1933,13,11652287498,5,Turbina BMW Seria 5 520 d 120 CP - Recondiţionată,BMW,204,Seria 5,1177,520 d,120,M47 D20
1933,13,11652287498,5,Turbina BMW Seria 5 520 d 120 CP - Recondiţionată,BMW,204,Seria 5,1178,520 d,120,N47 D20 A
1933,13,11652287498,5,Turbina BMW Seria 5 520 d 120 CP - Recondiţionată,BMW,204,Seria 5,1176,520 d,120,N47 D20 C
1934,13,11652287498,5,Turbina BMW Seria 5 Break 520 i 125 CP - Recondiţionată,BMW,233,Seria 5 Break,1483,520 i,125,N43 B20 A
1935,13,11652287498,5,Turbina BMW Seria 5 Break 520 i 120 CP - Recondiţionată,BMW,233,Seria 5 Break,1484,520 i,120,N43 B20 A
1936,13,11652287498,5,Turbina BMW Seria 5 Break 520 d 120 CP - Recondiţionată,BMW,233,Seria 5 Break,1486,520 d,120,M47 D20
1936,13,11652287498,5,Turbina BMW Seria 5 Break 520 d 120 CP - Recondiţionată,BMW,233,Seria 5 Break,1487,520 d,120,N47 D20 A
1936,13,11652287498,5,Turbina BMW Seria 5 Break 520 d 120 CP - Recondiţionată,BMW,233,Seria 5 Break,1485,520 d,120,N47 D20 C
1937,13,11652287498,5,Turbina BMW Seria 5 Break 520 d 130 CP - Recondiţionată,BMW,233,Seria 5 Break,1488,520 d,130,N47 D20 A
1937,13,11652287498,5,Turbina BMW Seria 5 Break 520 d 130 CP - Recondiţionată,BMW,233,Seria 5 Break,1489,520 d,130,N47 D20 C
1938,13,11652287498,5,Turbina BMW X1 sDrive 20 d 130 CP - Recondiţionată,BMW,206,X1,1184,sDrive 20 d,130,N47 D20 C
1939,13,11652287498,5,Turbina BMW X1 xDrive 20 d 130 CP - Recondiţionată,BMW,206,X1,1185,xDrive 20 d,130,N47 D20 C
1940,13,11652287498,5,Turbina BMW X1 xDrive 20 d 120 CP - Recondiţionată,BMW,206,X1,1186,xDrive 20 d,120,N47 D20 C
1941,13,11652287498,5,Turbina BMW X3 xDrive 18 d 105 CP - Recondiţionată,BMW,42,X3,1187,xDrive 18 d,105,N47 D20 C
1942,13,11652287498,5,Turbina BMW X3 2.0 sd 130 CP - Recondiţionată,BMW,42,X3,1188,2.0 sd,130,N47 D20 A
1943,13,11652287498,5,Turbina BMW X3 xDrive 20 d 130 CP - Recondiţionată,BMW,42,X3,1190,xDrive 20 d,130,N47 D20 A
1943,13,11652287498,5,Turbina BMW X3 xDrive 20 d 130 CP - Recondiţionată,BMW,42,X3,1191,xDrive 20 d,130,N47 D20 C
1944,13,11652287498,5,Turbina BMW X3 2.0 d 110 CP - Recondiţionată,BMW,42,X3,1490,2.0 d,110,M47 D20
1945,13,11652287498,5,Turbina BMW X3 xDrive 20 d 120 CP - Recondiţionată,BMW,42,X3,1192,xDrive 20 d,120,N47 D20 A
1945,13,11652287498,5,Turbina BMW X3 xDrive 20 d 120 CP - Recondiţionată,BMW,42,X3,1193,xDrive 20 d,120,N47 D20 C
1946,13,11652287498,5,Turbina BMW X3 xDrive 20 d 120 CP - Recondiţionată,BMW,42,X3,1491,xDrive 20 d,120,B47 D20 A
1946,13,11652287498,5,Turbina BMW X3 xDrive 20 d 120 CP - Recondiţionată,BMW,42,X3,1193,xDrive 20 d,120,N47 D20 C
